Date,value
2015-01-02,100000.0
2015-01-05,98194.04268823497
2015-01-06,97269.17463394825
2015-01-07,98481.24806802633
2015-01-08,100228.81123883827
2015-01-09,99425.61445377697
2015-01-12,98646.76536968586
2015-01-13,98369.27553781358
2015-01-14,97775.40846903305
2015-01-15,96879.76269858253
2015-01-16,98150.25548697337
2015-01-20,98359.5599898945
2015-01-21,98856.08668151344
2015-01-22,100326.18523381276
2015-01-23,99776.0969618406
2015-01-26,100009.74916573198
2015-01-27,98690.56097540069
2015-01-28,97424.90915206296
2015-01-29,98325.47993209875
2015-01-30,97089.05039259724
2015-02-02,98291.39987430301
2015-02-03,99712.81983356831
2015-02-04,99333.10663721524
2015-02-05,100335.90918618502
2015-02-06,100058.42775876599
2015-02-09,99610.57966018107
2015-02-10,100671.776350104
2015-02-11,100730.18729996352
2015-02-12,101698.89298223116
2015-02-13,102117.5356058863
2015-02-17,102278.18672913307
2015-02-18,102287.89387259891
2015-02-19,102214.88438750112
2015-02-20,102828.2245743859
2015-02-23,102813.60923024119
2015-02-24,103105.71440625818
2015-02-25,103018.08117256244
2015-02-26,102896.3762855242
2015-02-27,102545.90218191373
2015-03-02,103193.32242659427
2015-03-03,102769.81362452634
2015-03-04,102336.57246563293
2015-03-05,102448.52818693928
2015-03-06,101007.64351402294
2015-03-09,101426.29454213128
2015-03-10,99780.94633134695
2015-03-11,99547.30253190879
2015-03-12,100812.93754634006
2015-03-13,100194.73958549574
2015-03-16,101533.39248947806
2015-03-17,101231.57176554199
2015-03-18,102448.52818693928
2015-03-19,101981.24058806295
2015-03-20,102881.42476325078
2015-03-23,102680.9449362077
2015-03-24,102103.98762730017
2015-03-25,100607.75962994859
2015-03-26,100368.16547763265
2015-03-27,100597.98525085697
2015-03-30,101825.22872299209
2015-03-31,100935.3568119018
2015-04-01,100578.41127931412
2015-04-02,100940.2482036742
2015-04-06,101619.8995264427
2015-04-07,101350.9570234923
2015-04-08,101693.21997630956
2015-04-09,102143.07673921337
2015-04-10,102700.46848103125
2015-04-13,102235.97956507628
2015-04-14,102431.55959589373
2015-04-15,102891.17392898272
2015-04-16,102861.81717389502
2015-04-17,101678.56260989874
2015-04-20,102607.5992729812
2015-04-21,102485.35650093702
2015-04-22,102988.95133771162
2015-04-23,103248.1194615704
2015-04-24,103487.73042279275
2015-04-27,103057.43082252535
2015-04-28,103385.02800447858
2015-04-29,102959.64500934325
2015-04-30,101927.93114130627
2015-05-01,103032.99067256975
2015-05-04,103326.36492102254
2015-05-05,102143.07673921337
2015-05-06,101722.5767313972
2015-05-07,102128.41096834933
2015-05-08,103473.03103411588
2015-05-11,102979.17695862002
2015-05-12,102671.13693930321
2015-05-13,102690.71091084607
2015-05-14,103761.5391041559
2015-05-15,103874.00749710847
2015-05-18,104196.6796694764
2015-05-19,104162.47354488239
2015-05-20,104089.13628610915
2015-05-21,104392.26810474708
2015-05-22,104142.89116888633
2015-05-26,103023.19108011849
2015-05-27,104001.10804311218
2015-05-28,103883.76506729364
2015-05-29,103238.32827357235
2015-06-01,103448.59928861348
2015-06-02,103345.89687029929
2015-06-03,103619.72236056886
2015-06-04,102744.48260252972
2015-06-05,102568.45132989547
2015-06-08,101937.70552039787
2015-06-09,101923.03134508063
2015-06-10,103145.42544770944
2015-06-11,103477.93083034152
2015-06-12,102685.81111462045
2015-06-15,102245.77075307432
2015-06-16,102803.17089934544
2015-06-17,102969.41098398162
2015-06-18,104040.21396393179
2015-06-19,103578.38085519346
2015-06-22,104109.02122242101
2015-06-23,104182.71987268263
2015-06-24,103426.06694953817
2015-06-25,103111.589119057
2015-06-26,103091.93950743518
2015-06-29,100930.07041082818
2015-06-30,101141.34155580215
2015-07-01,101952.04351758643
2015-07-02,101858.68685124977
2015-07-06,101568.80885533534
2015-07-07,102207.56410874893
2015-07-08,100492.7951143905
2015-07-09,100674.56662857211
2015-07-10,101942.20190286908
2015-07-13,103067.36488622813
2015-07-14,103514.49860628956
2015-07-15,103480.09077481832
2015-07-16,104310.45075267764
2015-07-17,104398.90762278865
2015-07-20,104452.96506588168
2015-07-21,104040.23077283824
2015-07-22,103853.52584461815
2015-07-23,103268.82803429758
2015-07-24,102197.70568512517
2015-07-27,101603.18306899368
2015-07-28,102851.20234948173
2015-07-29,103558.72283911846
2015-07-30,103583.28905587233
2015-07-31,103426.06694953817
2015-08-03,103077.20650094542
2015-08-04,102875.79377959523
2015-08-05,103214.78740011099
2015-08-06,102369.70282021514
2015-08-07,102173.14787282448
2015-08-10,103460.46637655617
2015-08-11,102526.91652209609
2015-08-12,102649.7560103187
2015-08-13,102522.00832141725
2015-08-14,102895.43498676384
2015-08-17,103470.27437346063
2015-08-18,103170.55476282886
2015-08-19,102354.95300481893
2015-08-20,100217.64172051262
2015-08-21,97200.84642929243
2015-08-24,93107.99537486132
2015-08-25,92012.33202229468
2015-08-26,95545.05148315908
2015-08-27,97908.37532338237
2015-08-28,97913.26671515478
2015-08-31,97122.23117389875
2015-09-01,94223.34195686266
2015-09-02,96011.81800593591
2015-09-03,96080.60005106547
2015-09-04,94626.23463518875
2015-09-08,97004.29148190179
2015-09-09,95707.18179017208
2015-09-10,96227.98054268229
2015-09-11,96665.28945693282
2015-09-14,96306.63782034206
2015-09-15,97510.38244128188
2015-09-16,98355.47542563094
2015-09-17,98134.36266593964
2015-09-18,96530.70054311259
2015-09-21,97029.53845936625
2015-09-22,95770.13114476891
2015-09-23,95617.0356249644
2015-09-24,95271.29322851525
2015-09-25,95246.60934941634
2015-09-28,92856.17274311437
2015-09-29,92910.51593761679
2015-09-30,94644.06048046243
2015-10-01,94891.0085293434
2015-10-02,96308.4699911434
2015-10-05,98022.27247338186
2015-10-06,97686.41371391612
2015-10-07,98486.52606464674
2015-10-08,99375.52391260245
2015-10-09,99434.78371223692
2015-10-12,99528.61943240697
2015-10-13,98901.38668435413
2015-10-14,98427.24945610583
2015-10-15,99938.56344698228
2015-10-16,100392.93340126374
2015-10-19,100442.3095639148
2015-10-20,100313.91473211563
2015-10-21,99691.60699364809
2015-10-22,101375.76696938949
2015-10-23,102487.01217822083
2015-10-26,102235.13911975459
2015-10-27,102037.56723352463
2015-10-28,103198.21381836667
2015-10-29,103138.94561427899
2015-10-30,102694.46770143417
2015-11-02,103909.43226741896
2015-11-03,104210.69829744272
2015-11-04,103894.60681194383
2015-11-05,103790.88745479037
2015-11-06,103736.56106919437
2015-11-09,102768.54455209056
2015-11-10,103005.60055953491
2015-11-11,102600.64038571734
2015-11-12,101168.35346844222
2015-11-13,100032.36554933943
2015-11-16,101553.57158165255
2015-11-17,101479.48632654293
2015-11-18,103089.5946649876
2015-11-19,103000.6755499496
2015-11-20,103376.01843062973
2015-11-23,103257.46521354791
2015-11-24,103395.77730014338
2015-11-25,103380.96024912146
2015-11-27,103499.49665729683
2015-11-30,103069.82739102074
2015-12-01,104052.6273413336
2015-12-02,102990.78350851296
2015-12-03,101548.63816761406
2015-12-04,103529.11395043424
2015-12-07,102901.88960683464
2015-12-08,102210.4384317492
2015-12-09,101415.27630396355
2015-12-10,101677.04140386645
2015-12-11,99706.40723576357
2015-12-14,100210.19537496219
2015-12-15,101262.17237970581
2015-12-16,102743.835459632
2015-12-17,101178.22870097241
2015-12-18,99375.72561947964
2015-12-21,100195.47917737887
2015-12-22,101104.68973532194
2015-12-23,102356.70953554135
2015-12-24,102187.74640806278
2015-12-28,101954.29591104863
2015-12-29,103042.30280673441
2015-12-30,102311.98103551942
2015-12-31,101288.51193608851
2016-01-04,99872.55487141438
2016-01-05,100041.46757217367
2016-01-06,98779.52211270474
2016-01-07,96409.6680123317
2016-01-08,95351.41288103482
2016-01-11,95445.82010402362
2016-01-12,96215.90334340917
2016-01-13,93816.18822075542
2016-01-14,95356.36310397975
2016-01-15,93309.44171402437
2016-01-19,93433.64272366815
2016-01-20,92236.30229607983
2016-01-21,92752.99967542004
2016-01-22,94655.81831051329
2016-01-25,93224.96855473831
2016-01-26,94496.83967345675
2016-01-27,93468.42035108092
2016-01-28,93955.32394376615
2016-01-29,96245.69713006413
2016-02-01,96210.91950265138
2016-02-02,94476.97995050451
2016-02-03,95043.38126617123
2016-02-04,95192.40903061861
2016-02-05,93379.01377775635
2016-02-08,92122.01854123235
2016-02-09,92126.98557308372
2016-02-10,92047.49625455544
2016-02-11,90850.12220915424
2016-02-12,92723.18907985862
2016-02-16,94288.19071788655
2016-02-17,95828.3740055641
2016-02-18,95435.86923141444
2016-02-19,95391.15754029894
2016-02-22,96772.33697756029
2016-02-23,95550.1361773555
2016-02-24,95987.34423816742
2016-02-25,97149.9238472494
2016-02-26,96926.35698721869
2016-02-29,96166.20781153586
2016-03-01,98426.77040227245
2016-03-02,98868.96230384219
2016-03-03,99256.47483278082
2016-03-04,99579.40754319847
2016-03-07,99658.9220750864
2016-03-08,98570.8563482281
2016-03-09,99057.75153646013
2016-03-10,99137.23245053519
2016-03-11,100737.02012042911
2016-03-14,100607.85207893397
2016-03-15,100443.90641002606
2016-03-16,101025.18360788721
2016-03-17,101666.09880577761
2016-03-18,102065.62129836365
2016-03-21,102210.4384317492
2016-03-22,102155.49011661515
2016-03-23,101481.32690179753
2016-03-24,101436.40509935158
2016-03-28,101496.30363743057
2016-03-29,102435.13989296426
2016-03-30,102884.6184554733
2016-03-31,102634.93895929673
2016-04-01,103334.05499571626
2016-04-04,102999.47371313958
2016-04-05,101970.71821263504
2016-04-06,103084.3754995397
2016-04-07,101850.86230530453
2016-04-08,102125.5534542555
2016-04-11,101885.83323514131
2016-04-12,102834.67919445671
2016-04-13,103873.40237647682
2016-04-14,103878.39462168784
2016-04-15,103763.55617292803
2016-04-18,104492.65929842653
2016-04-19,104822.23993133899
2016-04-20,104922.12685782541
2016-04-21,104357.81825100975
2016-04-22,104357.81825100975
2016-04-25,104178.03859224066
2016-04-26,104332.85702495469
2016-04-27,104547.59080465414
2016-04-28,103598.73644088554
2016-04-29,103039.42007928091
2016-05-02,103858.43404529699
2016-05-03,102954.53510178719
2016-05-04,102380.21679118987
2016-05-05,102360.27302370543
2016-05-06,102734.80067242352
2016-05-09,102819.70245882365
2016-05-10,104098.12905105151
2016-05-11,103124.33027013428
2016-05-12,103154.29214585361
2016-05-13,102255.37704310159
2016-05-16,103264.1551583088
2016-05-17,102300.33246336039
2016-05-18,102330.27753017328
2016-05-19,101975.70205339283
2016-05-20,102619.92860585083
2016-05-23,102480.1205265827
2016-05-24,103808.47797537396
2016-05-25,104512.61987481735
2016-05-26,104542.59855944313
2016-05-27,104992.05190859249
2016-05-31,104792.28646007288
2016-06-01,105007.045453132
2016-06-02,105326.65000007566
2016-06-03,105012.02088943658
2016-06-06,105546.37602498611
2016-06-07,105711.17054366897
2016-06-08,106055.75312557413
2016-06-09,105910.93599218858
2016-06-10,104907.15012219235
2016-06-13,104098.12905105151
2016-06-14,103893.37135732088
2016-06-15,103748.55422393532
2016-06-16,104058.17428045697
2016-06-17,103670.67015597153
2016-06-20,104338.30311063943
2016-06-21,104634.49285092
2016-06-22,104463.8068105319
2016-06-23,105824.16841717421
2016-06-24,102024.13691728358
2016-06-27,100196.89112551935
2016-06-28,102004.05867854768
2016-06-29,103740.9229804141
2016-06-30,105156.52705805309
2016-07-01,105377.40449305435
2016-07-05,104619.40685739511
2016-07-06,105246.90014349765
2016-07-07,105181.62275535967
2016-07-08,106747.85984801051
2016-07-11,107124.32892542177
2016-07-12,107902.40479981688
2016-07-13,107887.34401965166
2016-07-14,108489.73320399442
2016-07-15,108344.1596698193
2016-07-18,108635.2983337163
2016-07-19,108524.87222289553
2016-07-20,108976.67881894574
2016-07-21,108565.03710482053
2016-07-22,109051.95750641219
2016-07-25,108755.79297949129
2016-07-26,108806.00958746407
2016-07-27,108690.53240025975
2016-07-28,108816.03610015218
2016-07-29,108991.73959911097
2016-08-01,108901.36651366642
2016-08-02,108203.60359421486
2016-08-03,108519.86316877806
2016-08-04,108635.2983337163
2016-08-05,109523.85074565152
2016-08-08,109458.5649530603
2016-08-09,109523.85074565152
2016-08-10,109252.75670267754
2016-08-11,109759.7637474583
2016-08-12,109664.38160789631
2016-08-15,109980.64118245951
2016-08-16,109413.41623037751
2016-08-17,109619.22448076031
2016-08-18,109865.18920861486
2016-08-19,109704.56329872773
2016-08-22,109699.52903125064
2016-08-23,109920.39806179862
2016-08-24,109358.18216383408
2016-08-25,109282.86985855475
2016-08-26,109077.07001262519
2016-08-29,109614.20702218963
2016-08-30,109433.47766020696
2016-08-31,109122.25235312086
2016-09-01,109127.26981169154
2016-09-02,109619.22448076031
2016-09-06,109950.51962212907
2016-09-07,109940.48470498774
2016-09-08,109689.47730520286
2016-09-09,107064.1026136673
2016-09-12,108600.16771926841
2016-09-13,107038.9817030011
2016-09-14,106998.82522552932
2016-09-15,108068.05657272787
2016-09-16,107650.32163002019
2016-09-19,107670.49231774146
2016-09-20,107675.56020303142
2016-09-21,108886.41499139302
2016-09-22,109572.54614759197
2016-09-23,108972.1656275681
2016-09-26,108089.25260374162
2016-09-27,108760.2809575093
2016-09-28,109300.10739210325
2016-09-29,108311.23942656752
2016-09-30,109128.58090639341
2016-10-03,108866.22749476529
2016-10-04,108311.23942656752
2016-10-05,108790.55379799765
2016-10-06,108866.22749476529
2016-10-07,108492.88487395088
2016-10-10,109057.94988155607
2016-10-11,107680.59447050856
2016-10-12,107821.85652018324
2016-10-13,107468.70980044971
2016-10-14,107524.20440504287
2016-10-17,107150.84497532202
2016-10-18,107821.85652018324
2016-10-19,108109.44010036936
2016-10-20,107907.64917862442
2016-10-21,107958.09270683402
2016-10-24,108417.20277272999
2016-10-25,108053.93709132298
2016-10-26,107836.99294042742
2016-10-27,107549.42616914769
2016-10-28,107231.56134402001
2016-10-31,107236.62082485677
2016-11-01,106459.62912492668
2016-11-02,105818.89042055381
2016-11-03,105334.5417816466
2016-11-04,105218.50990052994
2016-11-07,107539.31561192742
2016-11-08,108023.67265528782
2016-11-09,109168.9474951956
2016-11-10,109441.39465513758
2016-11-11,109189.10137401045
2016-11-14,109274.88562799843
2016-11-15,110127.54262024295
2016-11-16,109920.6754087548
2016-11-17,110485.74882081321
2016-11-18,110238.53182942928
2016-11-21,111070.99292059291
2016-11-22,111287.95388039493
2016-11-23,111348.49115691839
2016-11-25,111762.1835576286
2016-11-28,111237.4935432788
2016-11-29,111454.4376941744
2016-11-30,111187.05001506921
2016-12-01,110778.38347738287
2016-12-02,110833.8528686164
2016-12-05,111499.84695490696
2016-12-06,111853.00207909368
2016-12-07,113316.11653076948
2016-12-08,113593.6231715482
2016-12-09,114279.7459232939
2016-12-12,114148.58602638631
2016-12-13,114910.42449716578
2016-12-14,113961.91471597907
2016-12-15,114431.13533909533
2016-12-16,114207.30794101488
2016-12-19,114455.98730725859
2016-12-20,114897.51525702416
2016-12-21,114577.79304773545
2016-12-22,114379.86817447041
2016-12-23,114547.35211818277
2016-12-27,114831.54029926917
2016-12-28,113882.509441983
2016-12-29,113857.12799326706
2016-12-30,113440.98149221741
2017-01-03,114308.81692697218
2017-01-04,114988.88006794834
2017-01-05,114897.51525702416
2017-01-06,115308.59387278382
2017-01-09,114927.98139993651
2017-01-10,114927.98139993651
2017-01-11,115252.77989896841
2017-01-12,114963.48181032596
2017-01-13,115227.39845025247
2017-01-17,114821.39612423598
2017-01-18,115075.12656686323
2017-01-19,114648.85269968687
2017-01-20,115070.0670860265
2017-01-23,114770.64163125731
2017-01-24,115506.51874604887
2017-01-25,116506.27888295407
2017-01-26,116384.49835583684
2017-01-27,116201.79394734812
2017-01-30,115481.14570178615
2017-01-31,115470.98471784656
2017-02-01,115516.67972998846
2017-02-02,115592.79045832342
2017-02-03,116389.5662411268
2017-02-06,116181.48038392217
2017-02-07,116186.56507811857
2017-02-08,116338.82015260136
2017-02-09,117029.01065970422
2017-02-10,117490.8185550829
2017-02-13,118130.28818701993
2017-02-14,118602.25706633822
2017-02-15,119221.39632594289
2017-02-16,119119.89574443875
2017-02-17,119307.67644267064
2017-02-21,120018.18051319946
2017-02-22,119911.59523749894
2017-02-23,119992.7822555771
2017-02-24,120145.0457345131
2017-02-27,120332.81802829179
2017-02-28,120008.0363381663
2017-03-01,121687.84280714118
2017-03-02,120921.53316725016
2017-03-03,120997.65230003832
2017-03-06,120637.32817725734
2017-03-07,120277.00405447635
2017-03-08,120053.70613694857
2017-03-09,120205.94440252492
2017-03-10,120627.17559777094
2017-03-13,120688.082670236
2017-03-14,120226.24115704445
2017-03-15,121266.6368252548
2017-03-16,121028.0848251378
2017-03-17,120815.54460772805
2017-03-20,120683.02318939923
2017-03-21,119133.50255419739
2017-03-22,119413.85830461673
2017-03-23,119286.41317603113
2017-03-24,119199.76326336182
2017-03-27,119077.4532556919
2017-03-28,119943.96078683838
2017-03-29,120056.07619275582
2017-03-30,120438.36955624656
2017-03-31,120158.03061473367
2017-04-03,119949.053885488
2017-04-04,120025.50079195165
2017-04-05,119668.69813506867
2017-04-06,120005.11158844671
2017-04-07,119882.80158077682
2017-04-10,119954.14698413764
2017-04-11,119811.4141551499
2017-04-12,119286.41317603113
2017-04-13,118511.68227401645
2017-04-17,119561.67582780083
2017-04-18,119204.87317091788
2017-04-19,118985.71024437294
2017-04-20,119954.14698413764
2017-04-21,119571.85362064686
2017-04-24,120886.9068199953
2017-04-25,121590.30072310238
2017-04-26,121513.8454121855
2017-04-27,121615.76621635049
2017-04-28,121350.7485930525
2017-05-01,121656.55302781357
2017-05-02,121702.43293792623
2017-05-03,121554.61541474213
2017-05-04,121697.32303037017
2017-05-05,122176.46931273594
2017-05-08,122156.05489587136
2017-05-09,122043.9310855007
2017-05-10,122263.10241649882
2017-05-11,122013.34728024334
2017-05-12,121809.4720541005
2017-05-15,122482.2905564034
2017-05-16,122370.1415326731
2017-05-17,120198.8006172903
2017-05-18,120683.02318939923
2017-05-19,121467.96550207281
2017-05-22,122084.70108805734
2017-05-23,122354.87904563065
2017-05-24,122640.28587243354
2017-05-25,123226.44605761388
2017-05-26,123200.98056436577
2017-05-30,123093.91623483186
2017-05-31,123063.34923848092
2017-06-01,124041.98057999807
2017-06-02,124454.84093983978
2017-06-05,124363.10633297403
2017-06-06,123965.5252690812
2017-06-07,124194.899606285
2017-06-08,124256.05040789333
2017-06-09,124067.47969105905
2017-06-12,124041.98057999807
2017-06-13,124648.52996868335
2017-06-14,124490.52624820001
2017-06-15,124250.94890479051
2017-06-16,124278.11209758853
2017-06-19,125312.7255019854
2017-06-20,124467.61570872988
2017-06-21,124436.88062331462
2017-06-22,124380.54557339972
2017-06-23,124529.11109292015
2017-06-26,124611.0292984282
2017-06-27,123607.1509794466
2017-06-28,124713.47958314588
2017-06-29,123617.38760346515
2017-06-30,123847.8629240404
2017-07-03,124057.86499657856
2017-07-05,124344.70058042837
2017-07-06,123207.6368913138
2017-07-07,124006.65666312618
2017-07-10,124139.8168198995
2017-07-11,124047.61996810681
2017-07-12,124979.81670559892
2017-07-13,125189.80196923064
2017-07-14,125773.7097609488
2017-07-17,125758.33801601455
2017-07-18,125824.92649885442
2017-07-19,126506.13264546808
2017-07-20,126562.47609983617
2017-07-21,126449.79759555319
2017-07-24,126419.07931904432
2017-07-25,126726.37134202478
2017-07-26,126731.5064629405
2017-07-27,126613.68443328855
2017-07-28,126465.16934048744
2017-07-31,126393.47095009152
2017-08-01,126675.1714130256
2017-08-02,126736.6415838562
2017-08-03,126490.78611389347
2017-08-04,126721.26143446872
2017-08-07,126956.85506705326
2017-08-08,126644.43632761028
2017-08-09,126639.3012066946
2017-08-10,124851.77486083488
2017-08-11,125036.14335106059
2017-08-14,126275.6573248928
2017-08-15,126260.29398441176
2017-08-16,126480.51587206207
2017-08-17,124508.59582261699
2017-08-18,124313.9823039195
2017-08-21,124411.28906326824
2017-08-22,125712.23959011819
2017-08-23,125261.5087640798
2017-08-24,124969.58008158037
2017-08-25,125261.5087640798
2017-08-28,125266.63548054229
2017-08-29,125410.04066578735
2017-08-30,126004.19348597727
2017-08-31,126762.2415483558
2017-09-01,126941.50013102546
2017-09-05,126029.80185493009
2017-09-06,126460.03421957175
2017-09-07,126444.66247463749
2017-09-08,126296.13897738312
2017-09-11,127643.19633458264
2017-09-12,128073.45391258395
2017-09-13,128134.90727450812
2017-09-14,128093.93556507427
2017-09-15,128266.36132727833
2017-09-18,128539.2034965215
2017-09-19,128667.8672708236
2017-09-20,128714.17580805038
2017-09-21,128369.31587918903
2017-09-22,128395.05031494009
2017-09-25,128132.54562315409
2017-09-26,128209.7657393137
2017-09-27,128709.04909158789
2017-09-28,128863.45570609428
2017-09-29,129316.42211668848
2017-10-02,129877.48660456226
2017-10-03,130155.44708581468
2017-10-04,130309.87891368073
2017-10-05,131081.962412932
2017-10-06,130932.69932379453
2017-10-09,130716.5031692353
2017-10-10,131061.36309809664
2017-10-11,131267.27220191804
2017-10-12,131071.67536219413
2017-10-13,131231.22550206946
2017-10-16,131406.26504922405
2017-10-17,131498.89893258404
2017-10-18,131627.5879202458
2017-10-19,131663.60940673473
2017-10-20,132343.0674270792
2017-10-23,131828.3198808854
2017-10-24,132059.9382070982
2017-10-25,131406.26504922405
2017-10-26,131576.093835384
2017-10-27,132651.90586945167
2017-10-30,132157.7744469996
2017-10-31,132363.64993300813
2017-11-01,132538.64745789664
2017-11-02,132590.14994721164
2017-11-03,133032.8209026148
2017-11-06,133238.68798417007
2017-11-07,133146.05410081008
2017-11-08,133372.51209274755
2017-11-09,132888.68452993978
2017-11-10,132847.4943047223
2017-11-13,132971.03136256192
2017-11-14,132662.2013246427
2017-11-15,131998.20749821785
2017-11-16,133120.319665059
2017-11-17,132729.1091767048
2017-11-20,132955.5839775487
2017-11-21,133825.46169443527
2017-11-22,133707.1185886839
2017-11-24,134015.92341324346
2017-11-27,133949.04917899423
2017-11-28,135307.9147929639
2017-11-29,135225.53434252887
2017-11-30,136409.46126278257
2017-12-01,136126.34044725477
2017-12-04,135961.61316419765
2017-12-05,135472.62526711458
2017-12-06,135498.37651177205
2017-12-07,135925.60848661518
2017-12-08,136666.83923810607
2017-12-11,137078.5818056699
2017-12-12,137320.5208004334
2017-12-13,137305.10703323307
2017-12-14,136744.02573645284
2017-12-15,137882.76191175764
2017-12-18,138757.1107977558
2017-12-19,138224.20122815957
2017-12-20,138151.79686369342
2017-12-21,138436.33803181493
2017-12-22,138400.1064339956
2017-12-26,138234.54711006995
2017-12-27,138301.8163536204
2017-12-28,138586.35752174194
2017-12-29,138063.82745186897
2018-01-02,139051.99784778763
2018-01-03,139931.48185470147
2018-01-04,140521.28116812487
2018-01-05,141457.73896339812
2018-01-08,141716.44484232998
2018-01-09,142037.19239491114
2018-01-10,141819.87004362082
2018-01-11,142854.64313262884
2018-01-12,143785.873358001
2018-01-16,143294.3977427656
2018-01-17,144660.22224399913
2018-01-18,144417.09822133198
2018-01-19,145074.1415649462
2018-01-22,146253.6897650737
2018-01-23,146564.15026691704
2018-01-24,146507.18488301086
2018-01-25,146569.27698337953
2018-01-26,148266.25375027716
2018-01-29,147283.25209308707
2018-01-30,145772.53481838905
2018-01-31,145844.9812051213
2018-02-01,145679.41347674248
2018-02-02,142508.00986413867
2018-02-05,136547.93303398913
2018-02-06,139238.27414889366
2018-02-07,138482.90710709142
2018-02-08,133288.56841401412
2018-02-09,135290.75289949434
2018-02-12,137277.43116878884
2018-02-13,137618.91250745687
2018-02-14,139476.221028379
2018-02-15,141255.9648505596
2018-02-16,141297.36518710753
2018-02-20,140412.62839693294
2018-02-21,139714.22673903688
2018-02-22,139895.30908805467
2018-02-23,142125.1197844695
2018-02-26,143775.5190716374
2018-02-27,141980.26062881786
2018-02-28,140542.0065497585
2018-03-01,138498.4301321836
2018-03-02,139212.38843298468
2018-03-05,140821.3789791514
2018-03-06,141178.3749384584
2018-03-07,141126.63712445332
2018-03-08,141809.54937507008
2018-03-09,144277.39939995567
2018-03-12,144096.30024203146
2018-03-13,143165.0532077529
2018-03-14,142430.36952531818
2018-03-15,142275.15608330295
2018-03-16,142429.46184437073
2018-03-19,140502.32072166688
2018-03-20,140741.29294444472
2018-03-21,140471.17381804396
2018-03-22,136959.793263898
2018-03-23,134040.54846116985
2018-03-26,137707.76438686912
2018-03-27,135365.11550156015
2018-03-28,134965.11395514078
2018-03-29,136689.68254195043
2018-04-02,133739.28243114613
2018-04-03,135453.40428260682
2018-04-04,136902.65138647426
2018-04-05,137983.0942742646
2018-04-06,134907.99729107667
2018-04-09,135572.89879844896
2018-04-10,137728.5233863156
2018-04-11,137006.5472371453
2018-04-12,138133.69367146355
2018-04-13,137728.5233863156
2018-04-16,138860.9141994414
2018-04-17,140346.4937545668
2018-04-18,140450.39800969104
2018-04-19,139671.25476973734
2018-04-20,138486.9496490889
2018-04-23,138466.1402229231
2018-04-24,136601.3769519973
2018-04-25,136939.01745554505
2018-04-26,138331.0806597227
2018-04-27,138460.96307974128
2018-04-30,137396.11045266892
2018-05-01,137640.25141417535
2018-05-02,136715.65230239157
2018-05-03,136414.37786791462
2018-05-04,138180.44764471086
2018-05-07,138647.962163824
2018-05-08,138647.962163824
2018-05-09,139988.08584711934
2018-05-10,141297.07943569814
2018-05-11,141728.1942679276
2018-05-14,141795.73245398104
2018-05-15,140819.1686079553
2018-05-16,141411.3631905456
2018-05-17,141291.86867470347
2018-05-18,140938.66312379745
2018-05-21,141998.29658542195
2018-05-22,141603.5394178101
2018-05-23,141993.11944224016
2018-05-24,141702.25812529933
2018-05-25,141364.61762175156
2018-05-29,139738.7509335247
2018-05-30,141603.5394178101
2018-05-31,140736.10739680973
2018-06-01,142117.80791017055
2018-06-04,142793.07210835966
2018-06-05,142896.9343412178
2018-06-06,144091.677792762
2018-06-07,144076.04550977802
2018-06-08,144502.00000773213
2018-06-11,144694.20985280946
2018-06-12,144881.19212798573
2018-06-13,144418.86315650758
2018-06-14,144782.49022940293
2018-06-15,144597.77715659532
2018-06-18,144300.41079286436
2018-06-19,143747.29691773406
2018-06-20,143992.55567151838
2018-06-21,143089.88377817825
2018-06-22,143350.77481494658
2018-06-25,141399.3280135386
2018-06-26,141712.4107047857
2018-06-27,140538.426252688
2018-06-28,141341.95921587799
2018-06-29,141545.44783717283
2018-07-02,141848.07538861776
2018-07-03,141347.15316796623
2018-07-05,142500.2609582724
2018-07-06,143705.543594151
2018-07-09,144999.56044709677
2018-07-10,145521.32571172694
2018-07-11,144456.90171176865
2018-07-12,145766.55084769838
2018-07-13,145881.33886973892
2018-07-16,145750.93537362083
2018-07-17,146340.47414899452
2018-07-18,146648.36288815338
2018-07-19,146095.2658219295
2018-07-20,145928.28614541018
2018-07-23,146199.61551307424
2018-07-24,146935.30772989502
2018-07-25,148187.57125925773
2018-07-26,147837.9628143287
2018-07-27,146836.16879974492
2018-07-30,146069.16159023685
2018-07-31,146789.2047151672
2018-08-01,146543.9963881022
2018-08-02,147342.2849724847
2018-08-03,147973.61068925427
2018-08-06,148516.2694245824
2018-08-07,149006.73650543173
2018-08-08,148944.10652005716
2018-08-09,148740.65151657522
2018-08-10,147744.03464517326
2018-08-13,147191.02162348153
2018-08-14,148130.1856526907
2018-08-15,147024.00832914934
2018-08-16,148213.62506423105
2018-08-17,148735.4239466741
2018-08-20,149053.75101672875
2018-08-21,149403.2586082192
2018-08-22,149314.59162677775
2018-08-23,149116.31376647757
2018-08-24,150013.75808991658
2018-08-27,151198.1472550972
2018-08-28,151271.23238027396
2018-08-29,152085.17005654686
2018-08-30,151469.49343166768
2018-08-31,151474.70419266235
2018-09-04,151213.82996480048
2018-09-05,150806.86953111726
2018-09-06,150352.894586137
2018-09-07,150060.68855668142
2018-09-10,150321.57959344971
2018-09-11,150817.2910531066
2018-09-12,150853.7999978821
2018-09-13,151745.99994251356
2018-09-14,151772.10417420618
2018-09-17,150968.57121101615
2018-09-18,151787.7868839095
2018-09-19,151949.5221816213
2018-09-20,153180.89224028605
2018-09-21,153040.92447640677
2018-09-24,152532.5391012984
2018-09-25,152391.0249180272
2018-09-26,151935.04971318124
2018-09-27,152359.57545408842
2018-09-28,152375.29178160458
2018-10-01,152904.70509866244
2018-10-02,152815.55065893437
2018-10-03,152899.42710204204
2018-10-04,151704.381090182
2018-10-05,150855.32960836764
2018-10-08,150855.32960836764
2018-10-09,150635.16655188985
2018-10-10,145865.58892440985
2018-10-11,142652.68412181956
2018-10-12,144633.89949652285
2018-10-15,143821.47462182902
2018-10-16,146966.25292664074
2018-10-17,146992.4748206784
2018-10-18,144869.72845379746
2018-10-19,144791.13000731022
2018-10-22,144141.19683111773
2018-10-23,143407.40402072406
2018-10-24,139062.37734751086
2018-10-25,141557.23088058335
2018-10-26,139067.61332186518
2018-10-29,138297.14347763165
2018-10-30,140346.47694566037
2018-10-31,141845.50362593326
2018-11-01,143355.01065936804
2018-11-02,142505.9255597408
2018-11-05,143292.12854039695
2018-11-06,144198.85138018773
2018-11-07,147285.9919448359
2018-11-08,147018.66309690318
2018-11-09,145582.57736677388
2018-11-12,142862.30799396292
2018-11-13,142595.02957274957
2018-11-14,141620.16342627374
2018-11-15,143098.18737795684
2018-11-16,143470.33656641445
2018-11-19,141043.58431776095
2018-11-20,138433.41328209534
2018-11-21,138905.12162336387
2018-11-23,137977.42126834297
2018-11-26,140204.97116684236
2018-11-27,140676.69631701734
2018-11-28,143915.78939583246
2018-11-29,143601.34518316417
2018-11-30,144476.6353679226
2018-12-03,146389.69062703443
2018-12-04,141646.33489359208
2018-12-06,141431.4330248283
2018-12-07,138145.12372783895
2018-12-10,138407.20819696411
2018-12-11,138438.66606535608
2018-12-12,139135.7398196438
2018-12-13,139088.59083709534
2018-12-14,136520.34121407708
2018-12-17,133842.052085086
2018-12-18,133695.27671410085
2018-12-19,131693.09222862063
2018-12-20,129549.40196432245
2018-12-21,126894.99829137468
2018-12-24,123542.0584892794
2018-12-26,129784.00387142734
2018-12-27,130780.40222704566
2018-12-28,130611.68282871036
2018-12-31,131755.69700063556
2019-01-02,131892.76522815487
2019-01-03,128745.43196956514
2019-01-04,133057.84095984238
2019-01-07,134106.9772593986
2019-01-08,135366.96448126793
2019-01-09,135999.5928882862
2019-01-10,136479.32748237715
2019-01-11,136532.04861740864
2019-01-14,135699.0916635052
2019-01-15,137254.31892244154
2019-01-16,137586.4377002256
2019-01-17,138630.2875987082
2019-01-18,140475.4516847315
2019-01-22,138577.54965477032
2019-01-23,138867.5200996701
2019-01-24,138941.3027944639
2019-01-25,140116.96813720505
2019-01-28,139052.04827450693
2019-01-29,138867.5200996701
2019-01-30,141065.8897365994
2019-01-31,142304.80699425322
2019-02-01,142373.33690578627
2019-02-04,143374.9796402121
2019-02-05,143975.99889868047
2019-02-06,143786.19272722324
2019-02-07,142415.54406984305
2019-02-08,142589.4826336262
2019-02-11,142668.55172949363
2019-02-12,144503.2102489954
2019-02-13,144972.38044539234
2019-02-14,144650.79244748942
2019-02-15,146227.08126618803
2019-02-19,146480.15616146437
2019-02-20,146775.38779407815
2019-02-21,146253.4880581965
2019-02-22,147160.24451580015
2019-02-25,147360.57306268532
2019-02-26,147255.14760152876
2019-02-27,147191.82845099038
2019-02-28,146917.67518704533
2019-03-01,147835.0548735155
2019-03-04,147297.30433886623
2019-03-05,147096.9589830746
2019-03-06,146206.0028975193
2019-03-07,144982.93643863313
2019-03-08,144692.9491848269
2019-03-11,146791.1881661265
2019-03-12,147344.75588173055
2019-03-13,148320.0758686801
2019-03-14,148225.13916513862
2019-03-15,148957.50321848536
2019-03-18,149497.59019112904
2019-03-19,149534.6538298169
2019-03-20,149084.5449333166
2019-03-21,150768.44437100823
2019-03-22,147866.68923542506
2019-03-25,147755.48151045508
2019-03-26,148856.88510456908
2019-03-27,148078.49826540492
2019-03-28,148639.76446015594
2019-03-29,149576.99546512516
2019-04-01,151350.88978786656
2019-04-02,151425.01706524228
2019-04-03,151663.31693176276
2019-04-04,152065.72215180227
2019-04-05,152801.7337378453
2019-04-08,152918.23626834212
2019-04-09,152134.57143255757
2019-04-10,152653.51280090676
2019-04-11,152611.10392997277
2019-04-12,153643.69186114433
2019-04-15,153543.0569383216
2019-04-16,153643.69186114433
2019-04-17,153267.7102420197
2019-04-18,153569.56458376866
2019-04-22,153701.90110412668
2019-04-23,155083.9462000694
2019-04-24,154739.76703191863
2019-04-25,154644.44372352914
2019-04-26,155364.60451080455
2019-04-29,155608.14875613255
2019-04-30,155687.58764794152
2019-05-01,154517.35158197867
2019-05-02,154183.76202488158
2019-05-03,155692.89926237476
2019-05-06,155052.17736690838
2019-05-07,152462.83256631493
2019-05-08,152251.05715414794
2019-05-09,151790.3922644068
2019-05-10,152552.87787808402
2019-05-13,148719.18654305846
2019-05-14,150064.1511914069
2019-05-15,150943.15614448738
2019-05-16,152341.06884810416
2019-05-17,151356.16778448698
2019-05-20,150355.41592210217
2019-05-21,151710.93656369142
2019-05-22,151244.97686842343
2019-05-23,149396.97207721273
2019-05-24,149735.8732487431
2019-05-28,148343.23854174672
2019-05-29,147347.7646759823
2019-05-30,147750.20351383468
2019-05-31,145759.222164493
2019-06-03,145388.56896870807
2019-06-04,148544.4579606729
2019-06-05,149831.1629393197
2019-06-06,150805.4743918832
2019-06-07,152314.59482047
2019-06-10,153013.55957673158
2019-06-11,152976.4791291373
2019-06-12,152706.47766508156
2019-06-13,153336.559522775
2019-06-14,153167.0921281034
2019-06-17,153225.35179780502
2019-06-18,154829.79553478127
2019-06-19,155179.25269955242
2019-06-20,156661.8822915986
2019-06-21,156434.15522722533
2019-06-24,156242.6177384054
2019-06-25,154710.16654768767
2019-06-26,154555.91121333916
2019-06-27,155103.96560763277
2019-06-28,155902.06929404446
2019-07-01,157317.42964254014
2019-07-02,157727.16354578504
2019-07-03,158988.20132430654
2019-07-05,158807.2870643531
2019-07-08,157934.6694957177
2019-07-09,158131.50179006453
2019-07-10,158887.09575210363
2019-07-11,159259.53069197058
2019-07-12,159972.56450291778
2019-07-15,160025.7310739698
2019-07-16,159509.64721971445
2019-07-17,158424.17846890027
2019-07-18,159004.1529765128
2019-07-19,158120.86175229153
2019-07-22,158509.28196217763
2019-07-23,159642.65609632985
2019-07-24,160392.92163502926
2019-07-25,159626.7044441236
2019-07-26,160696.2047338251
2019-07-29,160403.54486389578
2019-07-30,160009.79623067
2019-07-31,158259.24947896594
2019-08-01,156881.12085822245
2019-08-02,155699.90857635794
2019-08-05,151017.48512874026
2019-08-06,153135.22244150378
2019-08-07,153225.67116702726
2019-08-08,156231.9777006324
2019-08-09,155167.78902536415
2019-08-12,153278.92178261143
2019-08-13,155662.62642188644
2019-08-14,151060.0620887386
2019-08-15,151459.12233639768
2019-08-16,153693.91687357033
2019-08-19,155545.5860063837
2019-08-20,154353.6832600269
2019-08-21,155609.40942411512
2019-08-22,155561.5544674964
2019-08-23,151565.5563319403
2019-08-26,153241.6564370464
2019-08-27,152640.36823607507
2019-08-28,153715.19694911627
2019-08-29,155678.61169190556
2019-08-30,155609.40942411512
2019-09-03,154699.5433188211
2019-09-04,156455.48572949058
2019-09-05,158466.7554288986
2019-09-06,158589.12426774102
2019-09-09,158668.94976439798
2019-09-10,158631.68441883294
2019-09-11,159759.73012964544
2019-09-12,160313.0961383723
2019-09-13,160206.69576064256
2019-09-16,159711.80793740097
2019-09-17,160116.2302262126
2019-09-18,160212.0073750758
2019-09-19,160201.3505283964
2019-09-20,159444.428662749
2019-09-23,159407.012037026
2019-09-24,158156.19407361664
2019-09-25,159091.62652559738
2019-09-26,158760.22212633677
2019-09-27,157904.93454023523
2019-09-30,158637.2481668627
2019-10-01,156750.3307572564
2019-10-02,153981.3827914114
2019-10-03,155242.9080282195
2019-10-04,157343.68515439067
2019-10-07,156664.79023241173
2019-10-08,154232.62551588638
2019-10-09,155697.26957804774
2019-10-10,156750.3307572564
2019-10-11,158375.34859570835
2019-10-14,158198.95593158575
2019-10-15,159765.14259751732
2019-10-16,159508.5882586091
2019-10-17,159979.00231408217
2019-10-18,159278.72646311866
2019-10-21,160358.48018574517
2019-10-22,159834.64742562355
2019-10-23,160299.7162488505
2019-10-24,160561.64943781774
2019-10-25,161219.12981299925
2019-10-28,162127.85291265574
2019-10-29,162079.74582244048
2019-10-30,162576.88603914427
2019-10-31,162143.9054183006
2019-11-01,163645.99972399778
2019-11-04,164303.44648136644
2019-11-05,164121.72539390414
2019-11-06,164159.12521072067
2019-11-07,164736.44391111654
2019-11-08,165142.73198854242
2019-11-11,164827.29605039448
2019-11-12,165174.75295529992
2019-11-13,165228.23889557418
2019-11-14,165468.74072883758
2019-11-15,166666.15679650486
2019-11-18,166789.09713816605
2019-11-19,166740.97323904437
2019-11-20,166120.92629849224
2019-11-21,165853.63106837243
2019-11-22,166222.48571116888
2019-11-25,167510.73710920766
2019-11-26,167890.2822164964
2019-11-27,168638.6483487687
2019-11-29,168013.20574925115
2019-12-02,166585.97831281277
2019-12-03,165468.74072883758
2019-12-04,166489.76413238226
2019-12-05,166789.09713816605
2019-12-06,168312.53875503494
2019-12-09,167783.36076266717
2019-12-10,167596.27763405233
2019-12-11,168072.0201128651
2019-12-12,169520.62847828804
2019-12-13,169622.18789096468
2019-12-16,170787.49894734228
2019-12-17,170824.9491908781
2019-12-18,170835.62284646393
2019-12-19,171535.881888521
2019-12-20,172287.91236239602
2019-12-23,172551.1398371587
2019-12-24,172556.48506940485
2019-12-26,173475.05818823187
2019-12-27,173432.09462338555
2019-12-30,172475.9367897712
2019-12-31,172894.89878264858
2020-01-02,174511.81472819916
2020-01-03,173190.36573995245
2020-01-06,173851.10704298224
2020-01-07,173362.25361715062
2020-01-08,174286.20558603667
2020-01-09,175467.9725618135
2020-01-10,174963.0330125242
2020-01-13,176166.31538853707
2020-01-14,175897.7258726218
2020-01-15,176295.2397008889
2020-01-16,177761.7159338516
2020-01-17,178315.03151585915
2020-01-21,177965.86010249736
2020-01-22,177987.32507601412
2020-01-23,178191.45243575345
2020-01-24,176606.77597274404
2020-01-27,173775.90399559474
2020-01-28,175596.9136830718
2020-01-29,175451.8864383558
2020-01-30,176021.2881438211
2020-01-31,172825.10820313296
2020-02-03,174108.9388587795
2020-02-04,176762.57772648448
2020-02-05,178803.8513238779
2020-02-06,179405.49251188434
2020-02-07,178449.30106045713
2020-02-10,179781.4909399154
2020-02-11,180093.06082958344
2020-02-12,181253.34602293713
2020-02-13,181059.95955440938
2020-02-14,181350.06447056067
2020-02-18,180882.70963605863
2020-02-19,181747.54468101487
2020-02-20,181000.90986610533
2020-02-21,179136.90299596908
2020-02-24,173195.7613989179
2020-02-25,167947.53335181196
2020-02-26,167329.8060403478
2020-02-27,159814.72887149878
2020-02-28,159143.2802950703
2020-03-02,166035.20087567682
2020-03-03,161281.22191336795
2020-03-04,168060.3379228932
2020-03-05,162473.72978035637
2020-03-06,159787.86823901662
2020-03-09,147309.3227069668
2020-03-10,154931.80878793163
2020-03-11,147379.1469042953
2020-03-12,133278.31498108915
2020-03-13,144671.80358053243
2020-03-16,128841.25954514767
2020-03-17,135797.65909083653
2020-03-18,128921.83303814093
2020-03-19,129195.792999662
2020-03-20,123628.20413475568
2020-03-23,120467.25566195408
2020-03-24,131381.97617942636
2020-03-25,133348.7947257686
2020-03-26,141135.00795985767
2020-03-27,136931.19290959986
2020-03-30,141378.1319825248
2020-03-31,139270.84980956352
2020-04-01,133002.9766892405
2020-04-02,136072.0644883781
2020-04-03,134105.2627509423
2020-04-06,143112.59261077113
2020-04-07,143258.51072752816
2020-04-08,148067.47162278395
2020-04-09,150320.67191250226
2020-04-13,148948.20789322717
2020-04-14,153341.1147364187
2020-04-15,150082.9099309877
2020-04-16,150806.97038455587
2020-04-17,154881.06269940617
2020-04-20,152152.38887337802
2020-04-21,147532.52817550921
2020-04-22,150806.97038455587
2020-04-23,150796.12863990568
2020-04-24,152898.0487717144
2020-04-27,155102.58727730514
2020-04-28,154389.35175948072
2020-04-29,158431.01969381908
2020-04-30,156955.95410966838
2020-05-01,152800.79243908497
2020-05-04,153222.22534120822
2020-05-05,154637.9218678326
2020-05-06,153589.6680358642
2020-05-07,155443.018059321
2020-05-08,158014.9992595677
2020-05-11,158047.42364007965
2020-05-12,154897.2832941154
2020-05-13,152157.78453234347
2020-05-14,153978.71017528835
2020-05-15,154686.5500341473
2020-05-18,159398.23778786726
2020-05-19,157761.03349225037
2020-05-20,160441.0791519638
2020-05-21,159333.40583574979
2020-05-22,159635.99976938183
2020-05-26,161602.7931023644
2020-05-27,164007.29035889875
2020-05-28,163704.6964252667
2020-05-29,164434.16934670677
2020-06-01,165098.75988931002
2020-06-02,166465.7946318068
2020-06-03,168681.1580731413
2020-06-04,168238.1089173434
2020-06-05,172549.92959589543
2020-06-08,174635.6459419014
2020-06-09,173333.44315152205
2020-06-10,172366.25867528675
2020-06-11,162429.50554752746
2020-06-12,164374.71624464827
2020-06-15,165909.23493085743
2020-06-16,169102.6245930774
2020-06-17,168400.21401099674
2020-06-18,168465.0291542078
2020-06-19,167502.26542036474
2020-06-22,168576.84199980943
2020-06-23,169352.89240097918
2020-06-24,165032.91940280647
2020-06-25,166802.174467372
2020-06-26,162840.3656475035
2020-06-29,165233.7185990718
2020-06-30,167350.31290619774
2020-07-01,168522.56604093275
2020-07-02,169450.5857651759
2020-07-06,172066.47182902924
2020-07-07,170291.78748768542
2020-07-08,171594.30964728698
2020-07-09,170617.426432039
2020-07-10,172359.53511271297
2020-07-13,170867.05550149627
2020-07-14,173081.34317281895
2020-07-15,174671.4657215131
2020-07-16,174096.1977077022
2020-07-17,174600.91874120792
2020-07-20,176011.9760096564
2020-07-21,176386.46163610838
2020-07-22,177390.4408085286
2020-07-23,175273.88011921552
2020-07-24,174145.06119870703
2020-07-27,175414.99088873228
2020-07-28,174302.4429896523
2020-07-29,176446.13325395048
2020-07-30,175816.60609016937
2020-07-31,177205.91263369177
2020-08-03,178437.9046218946
2020-08-04,179127.1370213307
2020-08-05,180239.66811150426
2020-08-06,181444.4969069091
2020-08-07,181574.78274068213
2020-08-10,182117.47509382316
2020-08-11,180614.15373795625
2020-08-12,183132.32962870641
2020-08-13,182801.27821648095
2020-08-14,182806.70749325925
2020-08-17,183387.42159275486
2020-08-18,183783.60751741362
2020-08-19,183018.3652430812
2020-08-20,183588.22078902018
2020-08-21,184239.48186882096
2020-08-24,186106.4134886768
2020-08-25,186757.6409506647
2020-08-26,188630.00184729884
2020-08-27,189042.45879338612
2020-08-28,190263.55861021948
2020-08-31,189574.30940187693
2020-09-01,191359.83548787097
2020-09-02,194127.67406589127
2020-09-03,187446.90696791367
2020-09-04,185916.4392281552
2020-09-08,180836.65323242836
2020-09-09,184407.72221332288
2020-09-10,181205.72639100847
2020-09-11,181297.97366952046
2020-09-14,183685.9141532169
2020-09-15,184613.9506863665
2020-09-16,183881.2672637975
2020-09-17,182263.9983312118
2020-09-18,180165.64168756717
2020-09-21,178160.47362119486
2020-09-22,179974.94464406892
2020-09-23,175801.15870515618
2020-09-24,176269.7405898279
2020-09-25,179119.47215999663
2020-09-28,182094.54774544662
2020-09-29,181102.85588362996
2020-09-30,182475.95864134957
2020-10-01,183647.45537529502
2020-10-02,181903.8338930419
2020-10-05,185129.53027342883
2020-10-06,182497.759792995
2020-10-07,185674.44140221918
2020-10-08,187319.96610652108
2020-10-09,188992.75485705963
2020-10-12,192033.21708853944
2020-10-13,190779.97864260353
2020-10-14,189581.23467132793
2020-10-15,189346.9185156324
2020-10-16,189232.51709843986
2020-10-19,186355.5214820346
2020-10-20,187102.02182569267
2020-10-21,186747.8581671199
2020-10-22,187772.2097341386
2020-10-23,188409.73793738248
2020-10-26,184927.9578674675
2020-10-27,184290.42966422363
2020-10-28,177991.5609204356
2020-10-29,179800.5858576249
2020-10-30,177926.1910833122
2020-11-02,179920.46697831503
2020-11-03,183097.11496972633
2020-11-04,187189.2096233679
2020-11-05,190839.91920294857
2020-11-06,190796.31689965774
2020-11-09,193193.80484220895
2020-11-10,192910.49072425714
2020-11-11,194343.53404232184
2020-11-12,192458.21347882677
2020-11-13,195122.7109000884
2020-11-16,197558.3214424328
2020-11-17,196495.79684890158
2020-11-18,194131.0022293653
2020-11-19,194948.33530473794
2020-11-20,193613.37195571797
2020-11-23,194773.95970938748
2020-11-24,197912.50190991204
2020-11-25,197607.3866403148
2020-11-27,198157.72704588348
2020-11-30,197280.45341016576
2020-12-01,199438.16230243025
2020-12-02,199857.72941593925
2020-12-03,199803.2517501854
2020-12-04,201525.08888969946
2020-12-07,201110.95105296877
2020-12-08,201699.44767614346
2020-12-09,199890.43954786062
2020-12-10,199825.05290183082
2020-12-11,199590.7367461353
2020-12-14,198697.14166226977
2020-12-15,201383.40661736391
2020-12-16,201699.44767614346
2020-12-17,202827.34210679808
2020-12-18,202017.4889947888
2020-12-21,201295.15985858336
2020-12-22,200955.88889111148
2020-12-23,201136.4837818426
2020-12-24,201918.9888030832
2020-12-28,203653.6343293003
2020-12-29,203265.1132659756
2020-12-30,203555.1341375947
2020-12-31,204589.35253269042
2021-01-04,201804.06630979117
2021-01-05,203193.96116503875
2021-01-06,204408.77445086563
2021-01-07,207445.77404762
2021-01-08,208627.74273027413
2021-01-11,207221.4255734401
2021-01-12,207265.17915688883
2021-01-13,207823.33570394947
2021-01-14,207095.5436731529
2021-01-15,205585.2634300221
2021-01-19,207199.52356835606
2021-01-20,210066.88768137444
2021-01-21,210258.408361288
2021-01-22,209514.2108378114
2021-01-25,210340.5030603136
2021-01-26,210012.17469093046
2021-01-27,204879.37340430956
2021-01-28,206641.38383020184
2021-01-29,202504.51024981902
2021-02-01,205875.30111054768
2021-02-02,208786.4188070148
2021-02-03,208950.59139615958
2021-02-04,211325.45455065003
2021-02-05,212157.20966774342
2021-02-08,213689.3919159582
2021-02-09,213547.104522991
2021-02-10,213454.08403478304
2021-02-11,213798.81789684613
2021-02-12,214854.93829702586
2021-02-16,214668.86370279704
2021-02-17,214718.14741646269
2021-02-18,213804.29760034377
2021-02-19,213426.73594401428
2021-02-22,211785.0940970987
2021-02-23,212042.28717445143
2021-02-24,214378.85964008435
2021-02-25,209213.24736810348
2021-02-26,208135.24177174614
2021-03-01,213180.46865584387
2021-03-02,211516.9920394701
2021-03-03,208715.30032389084
2021-03-04,206132.47737899396
2021-03-05,209924.6170973137
2021-03-08,208879.4561041292
2021-03-09,211861.72590153315
2021-03-10,213180.46865584387
2021-03-11,215341.94274314967
2021-03-12,215631.9636147688
2021-03-15,216917.89538371968
2021-03-16,216644.31362259333
2021-03-17,217383.03144257233
2021-03-18,214220.18356334363
2021-03-19,213823.81274071406
2021-03-22,215531.17741178814
2021-03-23,213834.78895661575
2021-03-24,212747.75697750313
2021-03-25,213944.58473344523
2021-03-26,217392.29315001768
2021-03-29,217282.49737318818
2021-03-30,216706.0527359269
2021-03-31,217584.4357594693
2021-04-01,219934.1359810275
2021-04-05,223090.88222722049
2021-04-06,222959.13401858765
2021-04-07,223217.15073235566
2021-04-08,224276.71695835446
2021-04-09,225907.2481181169
2021-04-12,225989.61175964546
2021-04-13,226659.36263652408
2021-04-14,225885.29568631353
2021-04-15,228311.86303699628
2021-04-16,229074.97058021152
2021-04-19,227949.51344098995
2021-04-20,226280.57393002487
2021-04-21,228421.65881382575
2021-04-22,226335.47181843966
2021-04-23,228789.48811332966
2021-04-26,229267.11318966319
2021-04-27,229217.7118136525
2021-04-28,229151.82090042965
2021-04-29,230612.16188254376
2021-04-30,229096.9230120149
2021-05-03,229591.03762556045
2021-05-04,228174.6183159594
2021-05-05,228245.98893267987
2021-05-06,230068.66270189392
2021-05-07,231743.09872526303
2021-05-10,229448.29639211958
2021-05-11,227400.51774793604
2021-05-12,222569.35228728037
2021-05-13,225242.96013582946
2021-05-14,228701.64476830355
2021-05-17,228119.70361863822
2021-05-18,226154.3054248897
2021-05-19,225561.3712504162
2021-05-20,227987.9554100054
2021-05-21,227801.29250405138
2021-05-24,230123.56059030865
2021-05-25,229612.99005736376
2021-05-26,230068.66270189392
2021-05-27,230189.43469462506
2021-05-28,230601.18566664212
2021-06-01,230398.06684128882
2021-06-02,230760.38281948227
2021-06-03,229903.95222774326
2021-06-04,232006.6287603415
2021-06-07,231781.54069427852
2021-06-08,231830.9420702892
2021-06-09,231485.06520258856
2021-06-10,232561.10415689304
2021-06-11,232945.40618470268
2021-06-14,233466.9529335492
2021-06-15,233038.7460421329
2021-06-16,231737.60221285894
2021-06-17,231660.7518926409
2021-06-18,228535.55596382526
2021-06-21,231807.2583211231
2021-06-22,233046.54537471844
2021-06-23,232765.65173929321
2021-06-24,234142.6373543992
2021-06-25,234974.32523586683
2021-06-28,235448.0170280946
2021-06-29,235574.7057558907
2021-06-30,235772.98361619085
2021-07-01,237078.3632898863
2021-07-02,238890.4810658595
2021-07-06,238455.34890499228
2021-07-07,239298.06342908085
2021-07-08,237348.26390050343
2021-07-09,239881.9039851732
2021-07-12,240741.14166428684
2021-07-13,239920.46361653373
2021-07-14,240278.47651468002
2021-07-15,239457.7984669269
2021-07-16,237579.58807085358
2021-07-19,234071.03141298867
2021-07-20,237425.366354318
2021-07-21,239347.6328941558
2021-07-22,239848.8576751232
2021-07-23,242316.42194859943
2021-07-26,242911.27233840636
2021-07-27,241804.18733391754
2021-07-28,241705.031594861
2021-07-29,242707.4811567957
2021-07-30,241528.79021089632
2021-08-02,241022.05210861852
2021-08-03,242982.8782798169
2021-08-04,241787.66417889253
2021-08-05,243318.8715105341
2021-08-06,243720.94055244492
2021-08-09,243522.66269214472
2021-08-10,243825.5928039055
2021-08-11,244431.46983633342
2021-08-12,245164.01878765092
2021-08-13,245610.1775911392
2021-08-16,246188.50482592115
2021-08-17,244574.6817191545
2021-08-18,241897.81294275718
2021-08-19,242272.34899592842
2021-08-20,244200.12885707675
2021-08-23,246348.2398637672
2021-08-24,246739.2990719635
2021-08-25,247257.04700795584
2021-08-26,245797.44561772482
2021-08-27,247995.10928058389
2021-08-30,249085.68793895413
2021-08-31,248716.6483981869
2021-09-01,248848.833638387
2021-09-02,249614.445708661
2021-09-03,249553.849600965
2021-09-07,248661.56561180137
2021-09-08,248358.63550004063
2021-09-09,247295.6066393164
2021-09-10,245345.79030183252
2021-09-13,245973.68700168948
2021-09-14,244646.28766056502
2021-09-15,246689.72960688843
2021-09-16,246298.67039869216
2021-09-17,243120.5768413275
2021-09-20,239066.73925873064
2021-09-21,238840.9116007845
2021-09-22,241170.76050384366
2021-09-23,244100.98992692673
2021-09-24,244503.07577774394
2021-09-27,243803.5731364764
2021-09-28,238890.4810658595
2021-09-29,239292.56691667682
2021-09-30,236367.8508149042
2021-10-01,239176.88802259526
2021-10-04,236092.45369188304
2021-10-05,238548.9913227383
2021-10-06,239540.41424205198
2021-10-07,241611.4059860214
2021-10-08,241170.76050384366
2021-10-11,239424.7521568769
2021-10-12,238835.39827947397
2021-10-13,239694.63595858763
2021-10-14,243726.4538737554
2021-10-15,245582.62779349321
2021-10-18,246309.68023240668
2021-10-19,248209.9271048155
2021-10-20,249184.8268691042
2021-10-21,249834.7600452967
2021-10-22,249575.88607730053
2021-10-25,250914.31206104593
2021-10-26,251140.1397189921
2021-10-27,250027.5413931928
2021-10-28,252440.02288028345
2021-10-29,252952.25749496536
2021-11-01,253387.38965583264
2021-11-02,254411.8588851964
2021-11-03,255965.10269317348
2021-11-04,257171.3434367188
2021-11-05,258063.6274258824
2021-11-08,258283.94176251814
2021-11-09,257430.217404715
2021-11-10,255359.22566074555
2021-11-11,255441.84143587062
2021-11-12,257369.62129701895
2021-11-15,257457.75039345454
2021-11-16,258476.72311041423
2021-11-17,257848.82641055726
2021-11-18,258724.58724469584
2021-11-19,258261.92209508902
2021-11-22,257534.8696561755
2021-11-23,257876.3593992968
2021-11-24,258564.85220684978
2021-11-26,252798.0357784297
2021-11-29,255899.0100730734
2021-11-30,250919.82538235644
2021-12-01,248132.80784209448
2021-12-02,251933.28477800568
2021-12-03,249741.13443645707
2021-12-06,252698.89684827963
2021-12-07,257925.92886437182
2021-12-08,258608.9083506143
2021-12-09,256862.90000364758
2021-12-10,259280.87800314228
2021-12-13,256984.07541013314
2021-12-14,255216.01377792447
2021-12-15,259203.77554932772
2021-12-16,256917.98279003316
2021-12-17,253293.7472380866
2021-12-20,250600.3721155707
2021-12-21,255050.78222767432
2021-12-22,257600.9622762756
2021-12-23,259203.77554932772
2021-12-27,262872.06724503875
2021-12-28,262657.2494208071
2021-12-29,262993.2426515243
2021-12-30,262266.1902126108
2021-12-31,261605.23039379742
2022-01-03,263119.914570414
2022-01-04,263031.7854739784
2022-01-05,257981.01165075734
2022-01-06,257738.6608377862
2022-01-07,256719.6881208265
2022-01-10,256400.23485404075
2022-01-11,258735.59707841038
2022-01-12,259435.09971967788
2022-01-13,255860.4504417129
2022-01-14,255965.10269317348
2022-01-18,251432.05999703833
2022-01-19,248821.30064964746
2022-01-20,246067.32941943555
2022-01-21,241236.86993285012
2022-01-24,242261.33916221387
2022-01-25,239303.5767503913
2022-01-26,238703.2130392739
2022-01-27,237524.50528446806
2022-01-28,243423.5237619947
2022-01-31,247807.84125399825
2022-02-01,249482.2604684609
2022-02-02,251905.7517892661
2022-02-03,245984.71364431048
2022-02-04,247141.38492278082
2022-02-07,246348.2398637672
2022-02-08,248375.15865506564
2022-02-09,252010.4040407267
2022-02-10,247482.874665902
2022-02-11,242602.82890533516
2022-02-14,241809.6838463216
2022-02-15,245709.31652128926
2022-02-16,245984.71364431048
2022-02-17,240730.1318305723
2022-02-18,239171.39151019117
2022-02-22,236604.6883065649
2022-02-23,232407.63884114698
2022-02-24,235905.16885639096
2022-02-25,241110.18120505405
2022-02-28,240493.29433891163
2022-03-01,236830.51596451103
2022-03-02,241187.3004677751
2022-03-03,239986.5562366338
2022-03-04,238036.7567080564
2022-03-07,231019.6265834201
2022-03-08,229268.1049151428
2022-03-09,235414.97071804458
2022-03-10,234351.94185732034
2022-03-11,231372.1429691622
2022-03-14,229681.20059967457
2022-03-15,234731.9912318021
2022-03-16,239936.98677155876
2022-03-17,242938.8221360523
2022-03-18,244839.05219955472
2022-03-21,244767.46306705062
2022-03-22,247631.58306112714
2022-03-23,244442.4796700479
2022-03-24,248127.29452078402
2022-03-25,249339.0485856398
2022-03-28,251112.60673025256
2022-03-29,254219.07753730024
2022-03-30,252649.32738320463
2022-03-31,248760.7213508579
2022-04-01,249465.73731343588
2022-04-04,251602.8048685989
2022-04-05,248424.7281201407
2022-04-06,245940.64069163948
2022-04-07,247179.92774523486
2022-04-08,246518.98473532783
2022-04-11,242305.41211488488
2022-04-12,241407.61480441078
2022-04-13,244172.59586833723
2022-04-14,241132.21768138956
2022-04-18,241231.35661153964
2022-04-19,245125.47596519685
2022-04-20,244943.70445101525
2022-04-21,241280.9260766147
2022-04-22,234660.38529039154
2022-04-25,236020.8477504725
2022-04-26,229185.48914001771
2022-04-27,229829.9089948997
2022-04-28,235635.28505468025
2022-04-29,226927.22936946264
2022-05-02,228293.20515085408
2022-05-03,229339.7108565533
2022-05-04,236323.77786223323
2022-05-05,227924.16561008687
2022-05-06,226563.7031500059
2022-05-09,219309.7523426153
2022-05-10,219816.4736359867
2022-05-11,216324.44013314674
2022-05-12,216098.61247520059
2022-05-13,221265.06519250319
2022-05-16,220367.26788202906
2022-05-17,224900.31057816418
2022-05-18,215834.2251858939
2022-05-19,214512.32235717349
2022-05-20,214605.96477491953
2022-05-23,218621.25953506233
2022-05-24,216952.35364191016
2022-05-25,218869.10686043755
2022-05-26,223242.41451872658
2022-05-27,228722.8239904109
2022-05-31,227439.46398414456
2022-06-01,225599.81321943173
2022-06-02,229896.01842390618
2022-06-03,226123.0744767346
2022-06-06,226811.56728428756
2022-06-07,228987.1944708111
2022-06-08,226497.61052990585
2022-06-09,221110.84347596756
2022-06-10,214699.5903837591
2022-06-13,206547.8422658944
2022-06-14,205925.4420784415
2022-06-15,208861.18482283506
2022-06-16,201948.7069496592
2022-06-17,201513.5747887919
2022-06-21,206586.40189725487
2022-06-22,206211.86584408363
2022-06-23,208233.27131407158
2022-06-24,214853.81210029474
2022-06-27,214033.13405254166
2022-06-28,209659.82639425257
2022-06-29,209489.08152269197
2022-06-30,207787.12931948976
2022-07-01,209984.79298234885
2022-07-05,210381.3655118556
2022-07-06,211091.8947957441
2022-07-07,214253.44838917733
2022-07-08,214077.20700521264
2022-07-11,211631.67920807196
2022-07-12,209758.9653244027
2022-07-13,208657.37683231794
2022-07-14,208150.6555389465
2022-07-15,212127.3906677288
2022-07-18,210375.86899945157
2022-07-19,216060.05284384007
2022-07-20,217437.03845894604
2022-07-21,219651.24208573657
2022-07-22,217613.29665181716
2022-07-25,217877.6839411238
2022-07-26,215299.97090378302
2022-07-27,220890.52913933195
2022-07-28,223661.02352456885
2022-07-29,226921.71604815216
2022-08-01,226249.7463956242
2022-08-02,224757.09869534316
2022-08-03,228276.6819958291
2022-08-04,228122.46027929345
2022-08-05,227736.89758350124
2022-08-08,227472.51029419457
2022-08-09,226569.2164713164
2022-08-10,231328.07001649126
2022-08-11,231328.07001649126
2022-08-12,235244.22584648395
2022-08-15,236213.61228946215
2022-08-16,236676.2942479755
2022-08-17,234996.3617122023
2022-08-18,235679.35800735126
2022-08-19,232512.29109260754
2022-08-22,227670.80496340117
2022-08-23,227120.01071735876
2022-08-24,227847.06315627226
2022-08-25,231063.69953609104
2022-08-26,223242.41451872658
2022-08-29,221766.28997347053
2022-08-30,219331.77201004437
2022-08-31,217662.86611689223
2022-09-01,218345.8624120411
2022-09-02,216043.52968881506
2022-09-06,215228.36496237246
2022-09-07,219094.9345183837
2022-09-08,220527.0029198752
2022-09-09,223952.94380261505
2022-09-12,226359.91196839526
2022-09-13,216517.22148104286
2022-09-14,217343.41285010643
2022-09-15,214875.84857663023
2022-09-16,212364.22815938946
2022-09-19,214011.09757620614
2022-09-20,211554.55994535092
2022-09-21,207864.24858221077
2022-09-22,206118.2234263376
2022-09-23,202664.7495548582
2022-09-26,200659.8504309888
2022-09-27,200147.6158163069
2022-09-28,204085.7913137287
2022-09-29,199822.64922821068
2022-09-30,196732.68476728155
2022-10-03,201926.6704733237
2022-10-04,208183.70184899654
2022-10-05,207699.00022305423
2022-10-06,205556.41934658072
2022-10-07,199822.64922821068
2022-10-10,198296.93840897316
2022-10-11,197041.12820035277
2022-10-12,196391.19502416032
2022-10-13,201574.17089648795
2022-10-14,196980.5489015632
2022-10-17,202042.3493674052
2022-10-18,204416.27122313538
2022-10-19,202967.67966661887
2022-10-20,201265.7274634167
2022-10-21,206156.7830576981
2022-10-24,208679.4133086534
2022-10-25,212011.7285825537
2022-10-26,210414.41182190567
2022-10-27,209290.80366239182
2022-10-28,214269.97154420233
2022-10-31,212722.24105753575
2022-11-01,211791.3974370116
2022-11-02,206476.23632448388
2022-11-03,204350.17860303537
2022-11-04,207291.4178598329
2022-11-07,209274.2805073668
2022-11-08,210403.40198819112
2022-11-09,206068.65396126258
2022-11-10,217392.9823151815
2022-11-11,219497.02036920097
2022-11-14,217629.81980684216
2022-11-15,219485.99372657997
2022-11-16,217811.59132102376
2022-11-17,217145.11818089982
2022-11-18,218131.0445878095
2022-11-21,217337.89952879597
2022-11-22,220262.61563056853
2022-11-23,221650.62788829545
2022-11-25,221601.041614314
2022-11-28,218064.95196770946
2022-11-29,217690.41591453817
2022-11-30,224547.79419242206
2022-12-01,224382.56264217186
2022-12-02,224123.68867417568
2022-12-05,220091.87075900787
2022-12-06,216919.2905229537
2022-12-07,216550.2677910929
2022-12-08,218246.7066729846
2022-12-09,216616.36041119293
2022-12-12,219739.37118217215
2022-12-13,221402.76375401378
2022-12-14,219987.2185075473
2022-12-15,214605.96477491953
2022-12-16,211102.90462945862
2022-12-19,209312.82332982088
2022-12-20,209599.247095463
2022-12-21,212733.26770015672
2022-12-22,209698.38602561312
2022-12-23,210904.62676915847
2022-12-27,210072.92207878438
2022-12-28,207462.16273139356
2022-12-29,211196.5470472047
2022-12-30,210640.2394798518
2023-01-03,209753.46881199858
2023-01-04,211372.80524007574
2023-01-05,208960.32375298507
2023-01-06,213752.22360820998
2023-01-09,213631.0482017244
2023-01-10,215129.20922331596
2023-01-11,217850.13414347786
2023-01-12,218643.2792024914
2023-01-13,219491.50704789045
2023-01-17,219089.4211970732
2023-01-18,215630.4340042833
2023-01-19,214060.68385018763
2023-01-20,218048.42881268443
2023-01-23,220664.70148138574
2023-01-24,220427.86398972513
2023-01-25,220510.47976485014
2023-01-26,222933.97108565536
2023-01-27,223446.20570033728
2023-01-30,220642.66500505028
2023-01-31,223886.85118251498
2023-02-01,226266.26955064916
2023-02-02,229560.02519318898
2023-02-03,227120.01071735876
2023-02-06,225731.99845963187
2023-02-07,228684.26435905037
2023-02-08,226183.65377552414
2023-02-09,224222.82760432578
2023-02-10,224746.0888616286
2023-02-13,227384.38119775898
2023-02-14,227279.74575520487
2023-02-15,228017.8080278329
2023-02-16,224878.27410182875
2023-02-17,224316.4700220718
2023-02-21,219816.4736359867
2023-02-22,219513.54352422597
2023-02-23,220681.2246364108
2023-02-24,218323.82593570565
2023-02-27,219067.40152964415
2023-02-28,218257.73331560558
2023-03-01,217420.51530392104
2023-03-02,219111.4576734087
2023-03-03,222625.52765258413
2023-03-06,222779.74936911976
2023-03-07,219364.81832009437
2023-03-08,219722.8480271471
2023-03-09,215668.99363564377
2023-03-10,212557.0095072856
2023-03-13,212254.0625866184
2023-03-14,215762.63605338984
2023-03-15,214413.1834270234
2023-03-16,218175.10073157406
2023-03-17,214804.24263521968
2023-03-20,216869.72105787863
2023-03-21,219717.33470583658
2023-03-22,215971.92374740454
2023-03-23,216555.78111240338
2023-03-24,217976.8228712739
2023-03-27,218384.4052344952
2023-03-28,217894.20709614884
2023-03-29,221061.27401089255
2023-03-30,222355.64385087346
2023-03-31,225489.6644555671
2023-04-03,226348.90213468077
2023-04-04,225093.09192606036
2023-04-05,224503.73804865745
2023-04-06,225379.49888279603
2023-04-10,225610.82305314625
2023-04-11,225671.41916084226
2023-04-12,224751.58537403264
2023-04-13,227736.89758350124
2023-04-14,227180.59001614837
2023-04-17,227995.7715514974
2023-04-18,228144.47994672254
2023-04-19,228105.93712426844
2023-04-20,226861.1367493626
2023-04-21,227037.39494223375
2023-04-24,227274.2324338944
2023-04-25,223666.5200369729
2023-04-26,222719.15326142375
2023-04-27,227153.05702740882
2023-04-28,229091.8467222717
2023-05-01,228860.5225519215
2023-05-02,226288.30602698473
2023-05-03,224735.06221900764
2023-05-04,223143.2755885765
2023-05-05,227274.2324338944
2023-05-08,227334.81173268397
2023-05-09,226337.8754920598
2023-05-10,227395.40784037998
2023-05-11,226998.83531087323
2023-05-12,226701.4017115165
2023-05-15,227483.5369368155
2023-05-16,225963.33943888848
2023-05-17,228706.3008353859
2023-05-18,230909.4778195554
2023-05-19,230573.4845888382
2023-05-22,230667.12700658428
2023-05-23,228078.38732662247
2023-05-24,226426.00458849533
2023-05-25,228386.8307596937
2023-05-26,231344.59317151626
2023-05-30,231432.72226795185
2023-05-31,230149.37907059188
2023-06-01,232336.0328997364
2023-06-02,235695.88116237626
2023-06-05,235244.22584648395
2023-06-06,235756.46046116584
2023-06-07,234941.2789258168
2023-06-08,236362.33749359375
2023-06-09,236786.44301184005
2023-06-12,238934.53720962405
2023-06-13,240509.81749393663
2023-06-14,240796.22445067242
2023-06-15,243781.53666014093
2023-06-16,242052.03465929275
2023-06-20,240796.22445067242
2023-06-21,239562.45071838747
2023-06-22,240427.20171881156
2023-06-23,238609.57062152785
2023-06-26,237634.67085723914
2023-06-27,240239.93369222592
2023-06-28,240361.10909871155
2023-06-29,241308.45906535425
2023-06-30,244156.0727133122
2023-07-03,244436.98315764387
2023-07-05,244073.45693818713
2023-07-06,242162.2002320638
2023-07-07,241550.80987832535
2023-07-10,242162.2002320638
2023-07-11,243704.41739741992
2023-07-12,245665.2435686183
2023-07-13,247615.05990610213
2023-07-14,247460.83818956654
2023-07-17,248320.0758686801
2023-07-18,250165.2399547034
2023-07-19,250721.5475220563
2023-07-20,249058.13814130818
2023-07-21,249058.13814130818
2023-07-24,250170.75327601391
2023-07-25,250853.73276225638
2023-07-26,250892.2923936169
2023-07-27,249228.88301286878
2023-07-28,251668.9142976054
2023-07-31,252148.10260223728
2023-08-01,251426.56348463424
2023-08-02,247929.01666048382
2023-08-03,247218.48737659532
2023-08-04,246100.37572948556
2023-08-07,248248.46992726956
2023-08-08,247168.91791152032
2023-08-09,245516.53517339315
2023-08-10,245604.66426982873
2023-08-11,245461.4523870076
2023-08-14,246816.4015257781
2023-08-15,243941.27169798702
2023-08-16,242151.19039834928
2023-08-17,240306.026312326
2023-08-18,240421.6883975011
2023-08-21,241985.94203919268
2023-08-22,241330.4955416897
2023-08-23,244018.3741518016
2023-08-24,240636.5062217327
2023-08-25,242332.94510362443
2023-08-28,243869.66575657646
2023-08-29,247394.74556946647
2023-08-30,248413.71828642616
2023-08-31,248050.1920669694
2023-09-01,248512.85721657623
2023-09-05,247438.801713231
2023-09-06,245775.40914138933
2023-09-07,245020.8237137363
2023-09-08,245389.84644559707
2023-09-11,247003.6863612702
2023-09-12,245648.72041359326
2023-09-13,245935.14417923542
2023-09-14,248055.68857937347
2023-09-15,244205.64217838724
2023-09-18,244348.85406120835
2023-09-19,243842.1159589305
2023-09-20,241600.39615230687
2023-09-21,237607.1378684996
2023-09-22,237072.86677748224
2023-09-25,238069.8030181064
2023-09-26,234572.256193956
2023-09-27,234665.88180279557
2023-09-28,236026.34426287655
2023-09-29,235453.5303494051
2023-10-02,235359.88793165906
2023-10-03,232209.34417194035
2023-10-04,233900.286541428
2023-10-05,233812.15744499245
2023-10-06,236588.1651515399
2023-10-09,238102.84932815647
2023-10-10,239342.13638175183
2023-10-11,240322.54946735097
2023-10-12,238857.4347558095
2023-10-13,237667.71716728917
2023-10-16,240168.3277508154
2023-10-17,240157.30110819443
2023-10-18,236957.1878834007
2023-10-19,234875.18630571675
2023-10-20,231989.02983530468
2023-10-23,231586.94398448744
2023-10-24,233332.96914036063
2023-10-25,229984.13071143528
2023-10-26,227230.15948122338
2023-10-27,226200.17693054918
2023-10-30,228904.57869568604
2023-10-31,230342.16041848806
2023-11-01,232798.69804934322
2023-11-02,237260.13480406784
2023-11-03,239424.7521568769
2023-11-06,239975.54640291928
2023-11-07,240658.5258891618
2023-11-08,240834.7840820329
2023-11-09,238956.57368595956
2023-11-10,242685.44468046023
2023-11-13,242454.12051011002
2023-11-14,247157.90807780577
2023-11-15,247681.1525262022
2023-11-16,247984.09944686934
2023-11-17,248292.54287994056
2023-11-20,250203.7995860639
2023-11-21,249658.50185242554
2023-11-22,250622.39178299977
2023-11-24,250776.61349953533
2023-11-27,250324.97499254948
2023-11-28,250572.82231792476
2023-11-29,250396.56412505358
2023-11-30,251382.49053196327
2023-12-01,252869.6417198403
2023-12-04,251542.22556980935
2023-12-05,251492.6561047343
2023-12-06,250479.19670908508
2023-12-07,252390.45341520844
2023-12-08,253475.51875226822
2023-12-11,254461.42835027142
2023-12-12,255623.6129500522
2023-12-13,259148.6927629422
2023-12-14,259980.39745331623
2023-12-15,258504.25609915378
2023-12-18,259958.36097698074
2023-12-19,261539.13777369735
2023-12-20,257914.9190306573
2023-12-21,260360.44682779803
2023-12-22,260883.69127619438
2023-12-26,261985.27976827917
2023-12-27,262458.97156050697
2023-12-28,262558.11049065704
2023-12-29,261798.01174169354
2024-01-02,260332.89703015203
2024-01-03,258206.8393087035
2024-01-04,257375.13461832947
2024-01-05,257727.65100407167
2024-01-08,261406.95253349727
2024-01-09,261010.38000399046
2024-01-10,262486.5045492465
2024-01-11,262370.8424640714
2024-01-12,262552.59716934664
2024-01-16,261588.70723877245
2024-01-17,260134.61916985188
2024-01-18,262447.94491788605
2024-01-19,265719.6640840903
2024-01-22,266281.4849727537
2024-01-23,267058.09006783576
2024-01-24,267350.0271547884
2024-01-25,268804.1152237089
2024-01-26,268462.6254805877
2024-01-29,270588.6832020362
2024-01-30,270379.3955080215
2024-01-31,265967.52821837197
2024-02-01,269448.55188749736
2024-02-02,272285.13889283437
2024-02-05,271293.69916461414
2024-02-06,272081.3477112237
2024-02-07,274350.6173154933
2024-02-08,274471.79272197885
2024-02-09,276058.08284000604
2024-02-12,275936.9074335204
2024-02-13,272136.4136887028
2024-02-14,274609.49128348945
2024-02-15,276504.2248345878
2024-02-16,275127.2392194819
2024-02-20,273612.5550428653
2024-02-21,273860.4023682405
2024-02-22,279528.0798665104
2024-02-23,279720.86121440656
2024-02-26,278696.3751761364
2024-02-27,279214.12311212876
2024-02-28,278845.10038026795
2024-02-29,279847.5331332962
2024-03-01,282474.81563571206
2024-03-04,282171.8855239513
2024-03-05,279351.82167363935
2024-03-06,280767.3669201058
2024-03-07,283554.3844603678
2024-03-08,281852.43225716555
2024-03-11,281610.08144419437
2024-03-12,284639.4666063339
2024-03-13,284193.29099393927
2024-03-14,283631.50372308877
2024-03-15,280811.42306387034
2024-03-18,282480.3289570225
2024-03-19,284050.112728931
2024-03-20,286677.3784224405
2024-03-21,287624.7620068961
2024-03-22,287079.48108216416
2024-03-25,286286.33602315065
2024-03-26,285757.5614445373
2024-03-27,288159.016289007
2024-03-28,288103.95031152794
2024-04-01,287602.70872165414
2024-04-02,285774.10140846873
2024-04-03,286088.0245450376
2024-04-04,282596.0078511041
2024-04-05,285548.2569416162
2024-04-08,285707.9751705558
2024-04-09,286038.47188886895
2024-04-10,283174.335085886
2024-04-11,285311.41944995546
2024-04-12,281373.2439525337
2024-04-15,277848.1641396438
2024-04-16,277341.42603736586
2024-04-17,275700.05313295324
2024-04-18,275132.7357318859
2024-04-19,272731.28088741616
2024-04-22,275242.90130465693
2024-04-23,278509.10714955075
2024-04-24,278376.9219093506
2024-04-25,277319.38956103043
2024-04-26,279946.6888723527
2024-04-29,280938.1117916664
2024-04-30,276487.7016795628
2024-05-01,275589.9043690887
2024-05-02,278167.6174064295
2024-05-03,281615.5947655049
2024-05-06,284523.7877122524
2024-05-07,284837.7444666341
2024-05-08,284865.27745537367
2024-05-09,286506.63355087984
2024-05-10,286875.6899005535
2024-05-13,286914.21591410117
2024-05-14,288230.62223041756
2024-05-15,291799.79180488497
2024-05-16,291199.4112848611
2024-05-17,291618.02029070334
2024-05-20,291953.99671251414
2024-05-21,292670.02250880667
2024-05-22,291827.3247936245
2024-05-23,289695.75375086546
2024-05-24,291612.5069693929
2024-05-28,291816.29815100355
2024-05-29,289772.83939577366
2024-05-30,287850.5728559358
2024-05-31,290472.3588459476
2024-06-03,290709.1963376083
2024-06-04,291034.17973461095
2024-06-05,294493.1501184944
2024-06-06,294487.63679718395
2024-06-07,294129.6407079441
2024-06-10,295038.43104322633
2024-06-11,295748.97713602125
2024-06-12,298177.9649692305
2024-06-13,298778.34548925434
2024-06-14,298960.11700343597
2024-06-17,301339.5185626637
2024-06-18,302105.1306329377
2024-06-20,301284.45258518466
2024-06-21,299912.98029138916
2024-06-24,298938.063718194
2024-06-25,300089.2384842603
2024-06-26,300463.77453743154
2024-06-27,300937.4495207529
2024-06-28,299753.2284446367
2024-07-01,300370.1489285919
2024-07-02,302391.5543985799
2024-07-03,303741.00702494633
2024-07-05,305492.52869322355
2024-07-08,305845.0450789658
2024-07-09,306142.461869416
2024-07-10,309171.83022264915
2024-07-11,306505.97127996635
2024-07-12,308439.26446242514
2024-07-15,309287.5091167307
2024-07-16,311121.6297512266
2024-07-17,306759.34873555845
2024-07-18,304401.9332259469
2024-07-19,302380.52775595896
2024-07-22,305498.04201453406
2024-07-23,305018.8537099022
2024-07-24,298106.35902781994
2024-07-25,296553.1152198429
2024-07-26,299874.42066002864
2024-07-29,300050.67885289976
2024-07-30,298530.48135497276
2024-07-31,303382.97731789364
2024-08-01,299086.7889223256
2024-08-02,293518.2671631122
2024-08-05,284969.9297068342
2024-08-06,287597.22901815653
2024-08-07,285674.9288605058
2024-08-08,292278.98010951676
2024-08-09,293567.81981928076
2024-08-12,293722.05834472284
2024-08-13,298552.5010224018
2024-08-14,299494.3712855469
2024-08-15,304627.77769279946
2024-08-16,305310.757179042
2024-08-19,308229.959959504
2024-08-20,307728.75198744313
2024-08-21,308786.2675268569
2024-08-22,306362.7593971453
2024-08-23,309617.972217231
2024-08-26,308879.8931356965
2024-08-27,309304.01546284923
2024-08-28,307508.42084190104
2024-08-29,307535.9538306406
2024-08-30,310471.69657503406
2024-09-03,304082.4967680676
2024-09-04,303460.0965806146
2024-09-05,302722.01749908016
2024-09-06,297627.17072318814
2024-09-09,300959.469188182
2024-09-10,302270.36218318786
2024-09-11,305371.33647783153
2024-09-12,307943.5698116747
2024-09-13,309551.87959713093
2024-09-16,310009.0482343337
2024-09-17,310135.7201532233
2024-09-18,309215.9031753201
2024-09-19,314492.4878475809
2024-09-20,312988.8303135853
2024-09-23,313770.94872997794
2024-09-24,314668.74604045204
2024-09-25,313974.73991158855
2024-09-26,315219.5402864944
2024-09-27,314762.37164929166
2024-09-30,316023.71198812895
2024-10-01,313192.62149519596
2024-10-02,313324.8067353961
2024-10-03,312751.9928219246
2024-10-04,315594.0763396657
2024-10-07,312740.9661793037
2024-10-08,315698.7285911263
2024-10-09,317885.3992291772
2024-10-10,317329.0916618244
2024-10-11,319229.33853423316
2024-10-14,321840.097881624
2024-10-15,319339.5041070042
2024-10-16,320727.4827469182
2024-10-17,320755.01573565777
2024-10-18,321988.8230857556
2024-10-21,321460.04850714223
2024-10-22,321289.30363558163
2024-10-23,318353.5608911881
2024-10-24,319042.0536987411
2024-10-25,318931.88812597
2024-10-28,319917.83134178614
2024-10-29,320435.5792777785
2024-10-30,319466.17602589383
2024-10-31,313203.648137817
2024-11-01,314525.534157631
2024-11-04,314217.09072455973
