date,ticker,action,reason,shares,price,value,cost
2006-01-03,GOOGL,BUY,rebalance_megacap,1730.9909742362283,10.891641616821289,18853.333333333332,36.22393031692964
2006-01-03,AIG,BUY,rebalance_megacap,20.525225989134164,918.5444946289062,18853.333333333332,28.631112946306118
2006-01-03,MSFT,BUY,rebalance_megacap,971.0933286386138,19.41454315185547,18853.333333333332,33.56438846486601
2006-01-03,MCO,BUY,rebalance_momentum,235.01219151733133,51.57179260253906,12120.000000000002,19.004615604461286
2006-01-03,MRO,BUY,rebalance_momentum,863.8034525382366,14.030969619750977,12120.000000000002,22.4179100070198
2006-01-20,GOOGL,SELL,trailing_stop,1730.9909742362283,9.996496200561523,17303.844697158747,36.3403754565468
2006-04-07,AIG,SELL,rebalance,20.525225989134164,851.3336791992188,17473.81615772501,26.56151076444058
2006-04-07,MSFT,SELL,rebalance,971.0933286386138,19.77791976928711,19206.205942304463,34.129012058992174
2006-04-07,MCO,SELL,rebalance,235.01219151733133,58.11423873901367,13657.554604416997,21.312178634018508
2006-04-07,MRO,SELL,rebalance,863.8034525382366,16.879322052001953,14580.416665024079,26.35388732323293
2006-04-07,GOOGL,BUY,rebalance_megacap,1894.547206131969,10.164163589477539,19256.487731112957,37.4414761845291
2006-04-07,MSFT,BUY,rebalance_megacap,973.6356480228078,19.77791976928711,19256.487731112957,34.218362380580814
2006-04-07,XOM,BUY,rebalance_megacap,540.7550493634337,35.61037063598633,19256.487731112957,30.777833398278943
2006-04-07,MCO,BUY,rebalance_momentum,213.01441699822914,58.11423873901367,12379.1706842869,19.317020954089795
2006-04-07,INTU,BUY,rebalance_momentum,508.0764311368065,24.36478042602539,12379.1706842869,20.349187501872457
2006-05-01,MCO,SELL,trailing_stop,213.01441699822914,49.14326477050781,10468.223894479335,16.45125441891411
2006-05-03,MSFT,SELL,trailing_stop,973.6356480228078,16.816673278808594,16373.312585400641,29.605477734763564
2006-05-12,GOOGL,SELL,trailing_stop,1894.547206131969,9.3626127243042,17737.911778926144,37.67248456244088
2006-07-07,XOM,SELL,rebalance,540.7550493634337,36.6706657409668,19829.84766294648,31.63819008961736
2006-07-07,INTU,SELL,rebalance,508.0764311368065,26.435882568359375,13431.448869283746,21.92783537652316
2006-07-07,GOOGL,BUY,rebalance_megacap,1583.528704515267,10.521772384643555,16661.52859345912,32.2009521203147
2006-07-07,GOOG,BUY,rebalance_megacap,1591.0553317356485,10.47199821472168,16661.52859345912,32.22729531575195
2006-07-07,XOM,BUY,rebalance_megacap,454.3557706629149,36.6706657409668,16661.52859345912,26.583085871371125
2006-07-07,INTU,BUY,rebalance_momentum,405.16834039970735,26.435882568359375,10710.982667223721,17.48608597967639
2006-07-07,MCO,BUY,rebalance_momentum,242.67862485706237,44.13648986816406,10710.982667223721,16.917820194890307
2006-10-09,GOOGL,SELL,rebalance,1583.528704515267,10.735735893249512,17000.345951055453,32.743068387934294
2006-10-09,GOOG,SELL,rebalance,1591.0553317356485,10.68494987487793,17000.34646775268,32.76941240990145
2006-10-09,XOM,SELL,rebalance,454.3557706629149,39.01585006713867,17727.07662532353,28.181337984275373
2006-10-09,INTU,SELL,rebalance,405.16834039970735,31.021240234375,12568.824422902348,20.274002277838754
2006-10-09,MCO,SELL,rebalance,242.67862485706237,50.06581497192383,12149.9031297346,19.078583746987366
2006-10-09,GOOGL,BUY,rebalance_megacap,1825.6461669829541,10.735735893249512,19599.65508325229,37.74942823418644
2006-10-09,MSFT,BUY,rebalance_megacap,966.8401216383187,20.271867752075195,19599.65508325229,32.783715633233335
2006-10-09,XOM,BUY,rebalance_megacap,502.3510970419741,39.01585006713867,19599.65508325229,31.158295599577308
2006-10-09,FCX,BUY,rebalance_momentum,653.5990521868027,19.27753448486328,12599.778267805046,22.449978563779045
2006-10-09,MCO,BUY,rebalance_momentum,251.6642997796164,50.06581497192383,12599.778267805046,19.785174707114752
2007-01-03,FCX,SELL,trailing_stop,653.5990521868027,18.440223693847656,12052.512728411451,21.57369461615617
2007-01-08,GOOGL,SELL,rebalance,1825.6461669829541,12.101601600646973,22093.24257657593,41.73925685435108
2007-01-08,MSFT,SELL,rebalance,966.8401216383187,21.962888717651367,21234.601999302904,35.23614185812985
2007-01-08,XOM,SELL,rebalance,502.3510970419741,42.77670669555664,21488.925536355637,33.99239747165014
2007-01-08,MCO,SELL,rebalance,251.6642997796164,56.57579803466797,14238.108596867713,22.241107524240295
2007-01-08,MSFT,BUY,rebalance_megacap,959.7937144773891,21.962888717651367,21079.84254296815,34.9793359144031
2007-01-08,GOOGL,BUY,rebalance_megacap,1741.9051823554646,12.101601600646973,21079.84254296815,39.8246958233876
2007-01-08,GE,BUY,rebalance_megacap,128.497331567434,164.0488739013672,21079.84254296815,32.06995502442139
2007-01-08,FCX,BUY,rebalance_momentum,710.1248399104516,19.08302116394043,13551.327349050956,24.169967945096996
2007-01-08,TPR,BUY,rebalance_momentum,433.1515577333787,31.285417556762695,13551.327349050956,21.84615402681155
2007-04-09,MSFT,SELL,rebalance,959.7937144773891,21.0376033782959,20191.75949015669,33.647431914794815
2007-04-09,GOOGL,SELL,rebalance,1741.9051823554646,11.71696662902832,20409.84489259047,38.7526719215502
2007-04-09,GE,SELL,rebalance,128.497331567434,152.18533325195312,19555.40922657666,29.7831259294633
2007-04-09,FCX,SELL,rebalance,710.1248399104516,25.342361450195312,17996.240367772745,29.48062744494359
2007-04-09,TPR,SELL,rebalance,433.1515577333787,36.467674255371094,15796.02991062742,25.212571981097465
2007-04-09,MSFT,BUY,rebalance_megacap,1041.5916192226275,21.0376033782959,21912.591367362646,36.51506386189728
2007-04-09,XOM,BUY,rebalance_megacap,482.5197935576979,45.41283416748047,21912.591367362646,34.558126634717325
2007-04-09,GOOGL,BUY,rebalance_megacap,1870.159066005622,11.71696662902832,21912.591367362646,41.605993342016234
2007-04-09,GILD,BUY,rebalance_momentum,880.3712797148462,16.000823974609375,14086.665879018847,25.62095112084549
2007-04-09,CL,BUY,rebalance_momentum,599.6398720107323,23.49187660217285,14086.665879018847,23.230272100037023
2007-07-09,MSFT,SELL,rebalance,1041.5916192226275,22.066116333007812,22983.881841252474,38.12181468150921
2007-07-09,XOM,SELL,rebalance,482.5197935576979,51.9276237487793,25056.106291202796,39.27373830474372
2007-07-09,GOOGL,SELL,rebalance,1870.159066005622,13.577577590942383,25392.22982609567,47.17335182146149
2007-07-09,GILD,SELL,rebalance,880.3712797148462,16.214994430541992,14275.215397385358,25.922701855077726
2007-07-09,CL,SELL,rebalance,599.6398720107323,23.441753387451172,14056.610000958372,23.184861411703395
2007-07-09,XOM,BUY,rebalance_megacap,453.50398478155915,51.9276237487793,23549.384290308935,36.91201136511927
2007-07-09,GOOGL,BUY,rebalance_megacap,1734.431943590494,13.577577590942383,23549.384290308935,43.74972223069116
2007-07-09,MSFT,BUY,rebalance_megacap,1067.2192575674208,22.066116333007812,23549.384290308935,39.05978607355802
2007-07-09,INTU,BUY,rebalance_momentum,568.1935495635765,26.643896102905273,15138.889900912893,24.699314429586227
2007-07-09,MO,BUY,rebalance_momentum,1556.244871926204,9.727832794189453,15138.889900912893,31.9415214319109
2007-10-08,XOM,SELL,rebalance,453.50398478155915,54.067020416259766,24519.609204039716,38.36717281544833
2007-10-08,GOOGL,SELL,rebalance,1734.431943590494,15.255756378173828,26460.07118593911,48.406947787224475
2007-10-08,MSFT,SELL,rebalance,1067.2192575674208,22.1212215423584,23608.193630920163,39.14792591869005
2007-10-08,INTU,SELL,rebalance,568.1935495635765,28.87778663635254,16408.172092448764,26.60469852848503
2007-10-08,MO,SELL,rebalance,1556.244871926204,9.50473403930664,14791.693607693394,31.33366356068526
2007-10-08,GOOGL,BUY,rebalance_megacap,1614.7295105552864,15.255756378173828,24633.920029679313,45.066104497807515
2007-10-08,GOOG,BUY,rebalance_megacap,1622.4044003516465,15.183588027954102,24633.920029679313,45.09296661215521
2007-10-08,XOM,BUY,rebalance_megacap,455.61822789611443,54.067020416259766,24633.920029679313,38.54604353154919
2007-10-08,SPGI,BUY,rebalance_momentum,392.4306586924924,40.353858947753906,15836.091447650993,25.13303163203595
2007-10-08,MO,BUY,rebalance_momentum,1666.1267303389184,9.50473403930664,15836.091447650993,33.546142586401686
2007-11-07,SPGI,SELL,trailing_stop,392.4306586924924,33.54290008544922,13163.262374989295,21.121480827953736
2007-11-15,GOOGL,SELL,trailing_stop,1614.7295105552864,15.757006645202637,25443.30362802445,46.36119310462965
2007-11-15,GOOG,SELL,trailing_stop,1622.4044003516465,15.68246841430664,25443.3057637468,46.388058636309374
2008-01-07,XOM,SELL,rebalance,455.61822789611443,54.600425720214844,24876.949209017715,38.91081847934295
2008-01-07,MO,SELL,rebalance,1666.1267303389184,10.6987943649292,17825.54727380793,34.35550707127123
2008-01-07,MSFT,BUY,rebalance_megacap,875.1688698563319,25.742189407348633,22528.76281125694,36.856790618758346
2008-01-07,XOM,BUY,rebalance_megacap,412.61148634077523,54.600425720214844,22528.76281125694,35.237883822890296
2008-01-07,GOOGL,BUY,rebalance_megacap,1386.598935005893,16.24749755859375,22528.76281125694,40.89939811929135
2008-01-07,TPR,BUY,rebalance_momentum,720.1588845273551,20.11052894592285,14482.776092950888,24.249363265912415
2008-01-07,CF,BUY,rebalance_momentum,885.983550895241,16.3465518951416,14482.776092950888,26.27825989318069
2008-01-17,CF,SELL,trailing_stop,885.983550895241,13.436028480529785,11904.100223109368,22.15192491205631
2008-01-23,GOOGL,SELL,trailing_stop,1386.598935005893,13.729228973388672,19036.93427295278,35.312442718024975
2008-02-05,MSFT,SELL,trailing_stop,875.1688698563319,21.62164878845215,18922.593934620192,31.44732986370034
2008-03-10,TPR,SELL,trailing_stop,720.1588845273551,19.157968521118164,13796.78123997864,24.59978162797387
2008-04-07,XOM,SELL,rebalance,412.61148634077523,53.45347213745117,22055.516588708942,34.528067922263276
2008-04-07,GOOGL,BUY,rebalance_megacap,1456.9958357176642,11.932432174682617,17385.503988496046,32.916595245926615
2008-04-07,GE,BUY,rebalance_megacap,105.96583943490381,164.0670623779297,17385.503988496046,26.449509290703105
2008-04-07,MSFT,BUY,rebalance_megacap,798.494427244598,21.772855758666992,17385.503988496046,28.87346567595231
2008-04-07,MO,BUY,rebalance_momentum,1125.3152780328583,9.931790351867676,11176.395421176032,23.49806858550725
2008-04-07,CF,BUY,rebalance_momentum,590.7911137871699,18.91767692565918,11176.395421176032,19.95254540963851
2008-04-29,CF,SELL,trailing_stop,590.7911137871699,19.54344940185547,11546.096239365392,20.5433597965044
2008-05-21,GE,SELL,trailing_stop,105.96583943490381,136.45838928222656,14459.92776822602,22.06093828576681
2008-07-01,MSFT,SELL,trailing_stop,798.494427244598,20.136852264404297,16079.164315374595,26.91383221626908
2008-07-07,GOOGL,SELL,rebalance,1456.9958357176642,13.611360549926758,19831.695639694983,36.83047590668912
2008-07-07,MO,SELL,rebalance,1125.3152780328583,9.444077491760254,10627.564688404049,22.53787252889209
2008-07-07,GOOG,BUY,rebalance_megacap,1272.960825665415,13.54697322845459,17244.766226160828,32.047198645679174
2008-07-07,GOOGL,BUY,rebalance_megacap,1266.9391985398272,13.611360549926758,17244.766226160828,32.02612295044346
2008-07-07,MSFT,BUY,rebalance_megacap,884.014344044208,19.50733757019043,17244.766226160828,30.686097619897915
2008-07-07,INTU,BUY,rebalance_momentum,440.60527653580067,25.160663604736328,11085.921145389106,18.17329971923203
2008-07-07,CF,BUY,rebalance_momentum,505.24703990919136,21.941585540771484,11085.921145389106,18.398444100498438
2008-07-21,GOOG,SELL,trailing_stop,1272.960825665415,11.67623519897461,14863.389999550302,28.237053577073475
2008-07-21,GOOGL,SELL,trailing_stop,1266.9391985398272,11.731732368469238,14863.391604392165,28.21598044985212
2008-07-23,CF,SELL,trailing_stop,505.24703990919136,20.811410903930664,10514.903755544836,17.542057304730534
2008-10-06,INTU,SELL,trailing_stop,440.60527653580067,24.301475524902344,10707.35834387759,17.605999398883306
2008-10-07,MSFT,SELL,trailing_stop,884.014344044208,17.478403091430664,15451.159043811334,27.8164196018716
2008-10-07,XOM,BUY,rebalance_megacap,235.6686082037537,46.16770553588867,10880.278907603619,17.145456357178904
2008-10-07,MSFT,BUY,rebalance_megacap,622.4984542745794,17.478403091430664,10880.278907603619,19.58744617346255
2008-10-07,PG,BUY,rebalance_megacap,246.72067734741634,44.09958267211914,10880.278907603619,17.18421820576063
2008-10-07,SPGI,BUY,rebalance_momentum,379.469435264979,18.432222366333008,6994.465012030902,12.523192550712523
2008-10-07,AZO,BUY,rebalance_momentum,64.63788070611449,108.20999908447266,6994.465012030902,10.842763049797693
2008-10-10,XOM,SELL,trailing_stop,235.6686082037537,37.84695816040039,8919.339954407258,14.204035352290537
2008-10-22,MSFT,SELL,trailing_stop,622.4984542745794,16.199316024780273,10084.049185731144,18.313537268536976
2008-10-22,SPGI,SELL,trailing_stop,379.469435264979,17.20543098449707,6528.935179177674,11.780433433182939
2008-11-12,AZO,SELL,trailing_stop,64.63788070611449,103.22000122070312,6671.9221253888,10.359551201632492
2009-01-07,PG,SELL,rebalance,246.72067734741634,40.918113708496094,10095.344729938759,16.00678670645968
2009-01-07,JNJ,BUY,rebalance_megacap,132.29540117662168,39.93698501586914,5283.479454459137,8.38831303444646
2009-01-07,GOOGL,BUY,rebalance_megacap,655.6562103910014,8.058307647705078,5283.479454459137,11.54093627698574
2009-01-07,GOOG,BUY,rebalance_megacap,658.7724921170851,8.020188331604004,5283.479454459137,11.551843263006187
2009-01-07,TPR,BUY,rebalance_momentum,221.61294753566796,15.326372146606445,3396.522506438017,6.210569030028843
2009-01-07,IBM,BUY,rebalance_momentum,64.28521478085936,52.835205078125,3396.522506438017,5.444837183299024
2009-01-09,TPR,SELL,trailing_stop,221.61294753566796,12.873872756958008,2853.0168878686,5.340937824990833
2009-03-02,JNJ,SELL,trailing_stop,132.29540117662168,32.6340446472168,4317.33402861933,6.939097358818507
2009-03-04,GOOGL,SELL,trailing_stop,655.6562103910014,7.98098087310791,5232.779674464999,11.452204866745765
2009-03-04,GOOG,SELL,trailing_stop,658.7724921170851,7.9432268142700195,5232.779323887916,11.463111239276163
2009-04-07,IBM,SELL,rebalance,64.28521478085936,59.769596099853516,3842.301322644297,6.113498221889548
2009-04-07,GOOG,BUY,rebalance_megacap,590.7926668462593,8.932767868041992,5277.413751079102,11.303288689201331
2009-04-07,GOOGL,BUY,rebalance_megacap,587.9979039297962,8.975225448608398,5277.413751079102,11.293507019077698
2009-04-07,MSFT,BUY,rebalance_megacap,368.83831560981736,14.30820369720459,5277.413751079102,9.734885588676345
2009-04-07,MA,BUY,rebalance_momentum,219.6574262205194,15.445064544677734,3392.6231256937094,6.19708011980397
2009-04-07,GILD,BUY,rebalance_momentum,173.67250495434558,19.53460121154785,3392.6231256937094,6.03611773278044
2009-06-22,MA,SELL,trailing_stop,219.6574262205194,14.621561050415039,3211.7344676603616,5.907623352795208
2009-07-07,GOOG,SELL,rebalance,590.7926668462593,9.878722190856934,5836.2766281696895,12.281299792322962
2009-07-07,GOOGL,SELL,rebalance,587.9979039297962,9.925676345825195,5836.276886430774,12.271518574062885
2009-07-07,MSFT,SELL,rebalance,368.83831560981736,17.292705535888672,6378.212382193742,11.496137577446316
2009-07-07,GILD,SELL,rebalance,173.67250495434558,18.612028121948242,3232.3975462194753,5.7797461773409555
2009-07-07,MSFT,BUY,rebalance_megacap,626.1999366659363,17.292705535888672,10828.691111356173,19.517789053723156
2009-07-07,JNJ,BUY,rebalance_megacap,280.3032481059701,38.632057189941406,10828.691111356173,17.224318140169952
2009-07-07,GOOGL,BUY,rebalance_megacap,1090.9776557353487,9.925676345825195,10828.691111356173,22.7687736205279
2009-07-07,INTU,BUY,rebalance_momentum,284.654951585963,24.45522689819336,6961.30142872897,11.439230220461175
2009-07-07,CF,BUY,rebalance_momentum,647.4508622900125,10.751860618591309,6961.30142872897,13.405972449160442
2009-10-07,MSFT,SELL,rebalance,626.1999366659363,19.373605728149414,12131.750679957984,21.602676399327596
2009-10-07,JNJ,SELL,rebalance,280.3032481059701,42.04800796508789,11786.193208999839,18.660578919877743
2009-10-07,GOOGL,SELL,rebalance,1090.9776557353487,12.951451301574707,14129.743979362504,26.426191288606095
2009-10-07,INTU,SELL,rebalance,284.654951585963,25.287277221679688,7198.148673278056,11.79409996976606
2009-10-07,CF,SELL,rebalance,647.4508622900125,13.132776260375977,8502.827314042232,15.872450666486035
2009-10-07,GOOGL,BUY,rebalance_megacap,1344.8842986016348,12.951451301574707,17418.20349959153,32.57649285070797
2009-10-07,GOOG,BUY,rebalance_megacap,1351.2765182986464,12.89018440246582,17418.20349959153,32.598865619502874
2009-10-07,MSFT,BUY,rebalance_megacap,899.0687507531586,19.373605728149414,17418.20349959153,31.01622806875411
2009-10-07,BKNG,BUY,rebalance_momentum,64.35666522173676,173.99000549316406,11197.4165354517,17.147759497110535
2009-10-07,SPGI,BUY,rebalance_momentum,544.8081928800411,20.55295181274414,11197.4165354517,18.707273203969496
2010-01-07,GOOGL,SELL,rebalance,1344.8842986016348,14.867366790771484,19994.888158459944,36.69922912367717
2010-01-07,GOOG,SELL,rebalance,1351.2765182986464,14.797037124633789,19994.88880691096,36.72160293051939
2010-01-07,MSFT,SELL,rebalance,899.0687507531586,23.606922149658203,21224.24600622027,34.98358720172612
2010-01-07,BKNG,SELL,rebalance,64.35666522173676,216.1300048828125,13909.406368615495,21.21633715625483
2010-01-07,SPGI,SELL,rebalance,544.8081928800411,26.99186897277832,14705.391357514209,23.97022223429576
2010-01-07,MSFT,BUY,rebalance_megacap,1112.5875259039574,23.606922149658203,26264.76710869555,43.29193833614845
2010-01-07,GOOG,BUY,rebalance_megacap,1775.0017714675143,14.797037124633789,26264.76710869555,48.23667369214019
2010-01-07,GOOGL,BUY,rebalance_megacap,1766.605174831544,14.867366790771484,26264.76710869555,48.20728560329182
2010-01-07,AMD,BUY,rebalance_momentum,1782.9453711939286,9.470000267028809,16884.493141304283,35.79069442268848
2010-01-07,TPR,BUY,rebalance_momentum,628.8367304568397,26.850360870361328,16884.493141304283,27.53244853494384
2010-01-22,AMD,SELL,trailing_stop,1782.9453711939286,7.880000114440918,14049.609729050062,30.83074512089585
2010-04-07,MSFT,SELL,rebalance,1112.5875259039574,22.860538482666016,25434.34995126159,42.04600494669834
2010-04-07,GOOG,SELL,rebalance,1775.0017714675143,14.035889625549316,24913.728949472545,46.074781976639876
2010-04-07,GOOGL,SELL,rebalance,1766.605174831544,14.1026029586792,24913.731365397318,46.045397753790226
2010-04-07,TPR,SELL,rebalance,628.8367304568397,29.058719635009766,18273.19024654151,29.614973865938417
2010-04-07,AAPL,BUY,rebalance_megacap,3452.9730033558612,7.389023780822754,25514.099636335424,56.73522939114857
2010-04-07,MSFT,BUY,rebalance_megacap,1116.0760563746767,22.860538482666016,25514.099636335424,42.17784199202323
2010-04-07,JNJ,BUY,rebalance_megacap,556.136941439086,45.87736892700195,25514.099636335424,40.21828004152139
2010-04-07,PM,BUY,rebalance_momentum,545.3989234238041,30.07325553894043,16401.921194787064,26.51273731251692
2010-04-07,VRSK,BUY,rebalance_momentum,599.6927701667639,27.350540161132812,16401.921194787064,26.716518486315923
2010-05-20,PM,SELL,trailing_stop,545.3989234238041,25.50959014892578,13912.9030042066,22.77975703425834
2010-05-24,MSFT,SELL,trailing_stop,1116.0760563746767,20.553869247436523,22939.6813329197,38.3163540000745
2010-07-07,AAPL,SELL,rebalance,3452.9730033558612,7.943968296051025,27430.308065779052,60.08870439146872
2010-07-07,JNJ,SELL,rebalance,556.136941439086,43.02399444580078,23927.23267957987,37.83801603033665
2010-07-07,VRSK,SELL,rebalance,599.6927701667639,29.09130096435547,17445.84286306938,28.300283491574813
2010-07-07,AAPL,BUY,rebalance_megacap,2832.5837218486695,7.943968296051025,22501.955282276045,49.2926395775772
2010-07-07,JNJ,BUY,rebalance_megacap,523.0094409440004,43.02399444580078,22501.955282276045,35.58407419225871
2010-07-07,MSFT,BUY,rebalance_megacap,1183.533084842551,19.012527465820312,22501.955282276045,40.146182371229
2010-07-07,INTU,BUY,rebalance_momentum,444.6609996693799,32.531620025634766,14465.542681463174,23.257250917452414
2010-07-07,PM,BUY,rebalance_momentum,524.7394687366289,27.567094802856445,14465.542681463174,23.53586429478778
2010-10-07,AAPL,SELL,rebalance,2832.5837218486695,8.882182121276855,25159.524491224107,53.94338567003099
2010-10-07,JNJ,SELL,rebalance,523.0094409440004,45.29993438720703,23692.29335865305,37.369658149686174
2010-10-07,MSFT,SELL,rebalance,1183.533084842551,19.29486083984375,22836.106171388008,40.68081439304615
2010-10-07,INTU,SELL,rebalance,444.6609996693799,41.52142333984375,18462.957609990444,29.253356475373995
2010-10-07,PM,SELL,rebalance,524.7394687366289,33.01803970336914,17325.86861267084,27.826459236794044
2010-10-07,AAPL,BUY,rebalance_megacap,3069.727371311476,8.882182121276855,27265.87757465699,58.45953683001013
2010-10-07,GOOGL,BUY,rebalance_megacap,2055.7054841393006,13.263513565063477,27265.87757465699,50.82102442284665
2010-10-07,GOOG,BUY,rebalance_megacap,2065.4762406794453,13.200770378112793,27265.87757465699,50.85522207122539
2010-10-07,BKNG,BUY,rebalance_momentum,52.97728625754429,330.8599853515625,17528.06415513664,26.643850922861102
2010-10-07,VRSK,BUY,rebalance_momentum,644.8088409638655,27.183349609375,17528.06415513664,28.56280215145202
2011-01-07,AAPL,SELL,rebalance,3069.727371311476,10.322521209716797,31687.3258984109,61.443972206191695
2011-01-07,GOOGL,SELL,rebalance,2055.7054841393006,15.42642593383789,31712.188392859283,57.935125980603445
2011-01-07,GOOG,SELL,rebalance,2065.4762406794453,15.353450775146484,31712.187788506475,57.96932266211376
2011-01-07,BKNG,SELL,rebalance,52.97728625754429,440.5899963378906,23341.262358202825,35.36449372645133
2011-01-07,VRSK,SELL,rebalance,644.8088409638655,33.67432403564453,21713.501851665587,34.8467505046039
2011-01-07,AAPL,BUY,rebalance_megacap,3085.190853027235,10.322521209716797,31846.948016397888,61.753491851205304
2011-01-07,MSFT,BUY,rebalance_megacap,1407.0101597491475,22.634483337402344,31846.948016397888,52.69576968809578
2011-01-07,GOOGL,BUY,rebalance_megacap,2064.4411189594834,15.42642593383789,31846.948016397888,58.181321681799375
2011-01-07,TPR,BUY,rebalance_momentum,534.4769557713398,38.3048095703125,20473.038010541506,32.584811759398995
2011-01-07,JAZZ,BUY,rebalance_momentum,1036.0849075607537,19.760000228881836,20473.038010541506,36.48722978254043
2011-04-07,AAPL,SELL,rebalance,3085.190853027235,10.382715225219727,32032.65804243451,62.05074876544264
2011-04-07,MSFT,SELL,rebalance,1407.0101597491475,20.857637405395508,29346.90773775533,48.945645132376924
2011-04-07,GOOGL,SELL,rebalance,2064.4411189594834,14.514514923095703,29964.361428989814,55.1692850021885
2011-04-07,TPR,SELL,rebalance,534.4769557713398,37.31285858154297,19942.8630657896,31.790741174735633
2011-04-07,JAZZ,SELL,rebalance,1036.0849075607537,33.40999984741211,34615.59660351077,55.65022791941926
2011-04-07,NFLX,BUY,rebalance_megacap,1012.7093435813022,33.422855377197266,33847.637929654236,54.31817175719292
2011-04-07,CVX,BUY,rebalance_megacap,485.00373757209394,69.78840637207031,33847.637929654236,52.471062773246494
2011-04-07,MSFT,BUY,rebalance_megacap,1622.7934771221232,20.857637405395508,33847.637929654236,56.45222904419499
2011-04-07,JAZZ,BUY,rebalance_momentum,651.2779380813441,33.40999984741211,21759.19581192058,34.95799141277516
2011-04-07,CBOE,BUY,rebalance_momentum,1078.4678019396788,20.176027297973633,21759.19581192058,36.49258136401656
2011-05-06,JAZZ,SELL,trailing_stop,651.2779380813441,29.270000457763672,19062.905545772323,30.902608778335747
2011-06-08,CBOE,SELL,trailing_stop,1078.4678019396788,17.885005950927734,19288.40305557511,34.71327485196942
2011-07-07,NFLX,SELL,rebalance,1012.7093435813022,41.77428436279297,42305.20809562272,67.00617338808158
2011-07-07,CVX,SELL,rebalance,485.00373757209394,68.81097412109375,33373.5796347071,51.760502914740925
2011-07-07,MSFT,SELL,rebalance,1622.7934771221232,21.45110511779785,34810.71346222335,57.89717124018952
2011-07-07,NFLX,BUY,rebalance_megacap,833.2657780859154,41.77428436279297,34809.08156354497,55.13267839476922
2011-07-07,AAPL,BUY,rebalance_megacap,3173.143421218101,10.969904899597168,34809.08156354497,66.80095601550723
2011-07-07,MSFT,BUY,rebalance_megacap,1622.717401849105,21.45110511779785,34809.08156354497,57.89445700459469
2011-07-07,JAZZ,BUY,rebalance_momentum,636.2601047611265,35.16999816894531,22377.266719421772,35.83347746309442
2011-07-07,INTU,BUY,rebalance_momentum,473.5389644786901,47.25538635253906,22377.266719421772,35.22712708555313
2011-08-04,NFLX,SELL,trailing_stop,833.2657780859154,35.11000061035156,29255.96197718156,46.80210619454142
2011-08-04,INTU,SELL,trailing_stop,473.5389644786901,40.146728515625,19011.040248496163,30.177841213647568
2011-08-08,JAZZ,SELL,trailing_stop,636.2601047611265,32.70000076293945,20805.705911116773,33.50926821363039
2011-10-07,AAPL,SELL,rebalance,3173.143421218101,11.356864929199219,36036.96123575108,68.76539884995361
2011-10-07,MSFT,SELL,rebalance,1622.717401849105,21.16718101501465,34348.352981154276,57.203649715539164
2011-10-07,MSFT,BUY,rebalance_megacap,1412.9915001820928,21.16718101501465,29909.046857031462,49.810260762533034
2011-10-07,AAPL,BUY,rebalance_megacap,2633.565428794826,11.356864929199219,29909.046857031462,57.07213230775082
2011-10-07,XOM,BUY,rebalance_megacap,622.9171723354895,48.01448440551758,29909.046857031462,47.04508238065476
2011-10-07,JAZZ,BUY,rebalance_momentum,461.52771191827173,41.65999984741211,19227.24440809166,30.494832801917507
2011-10-07,CBOE,BUY,rebalance_momentum,1032.379885735361,18.624195098876953,19227.24440809166,34.427587644224886
2011-10-25,JAZZ,SELL,trailing_stop,461.52771191827173,37.13999938964844,17141.13893895045,27.363673514645058
2012-01-09,MSFT,SELL,rebalance,1412.9915001820928,22.537107467651367,31844.74129048175,52.71374386952911
2012-01-09,AAPL,SELL,rebalance,2633.565428794826,12.951676368713379,34109.08712958246,63.792387251362484
2012-01-09,XOM,SELL,rebalance,622.9171723354895,56.14057159423828,34970.92611078101,54.63809728772592
2012-01-09,CBOE,SELL,rebalance,1032.379885735361,19.219776153564453,19842.11030927609,35.421077274437565
2012-01-09,AAPL,BUY,rebalance_megacap,2726.547783194296,12.951676368713379,35313.36449176541,66.04469577627204
2012-01-09,MSFT,BUY,rebalance_megacap,1566.8987043901902,22.537107467651367,35313.36449176541,58.45562073655347
2012-01-09,XOM,BUY,rebalance_megacap,629.0168320158256,56.14057159423828,35313.36449176541,55.17313314917635
2012-01-09,TPR,BUY,rebalance_momentum,491.17060097490145,46.21907043457031,22701.4486018492,35.77926511975209
2012-01-09,VRTX,BUY,rebalance_momentum,636.2513567175082,35.68000030517578,22701.4486018492,36.29354921769337
2012-04-09,AAPL,SELL,rebalance,2726.547783194296,19.539148330688477,53274.42156654319,94.78231711446706
2012-04-09,MSFT,SELL,rebalance,1566.8987043901902,25.43325424194336,39851.33312012736,65.26274226126976
2012-04-09,XOM,SELL,rebalance,629.0168320158256,55.378292083740234,34833.877848961354,54.45363999746402
2012-04-09,TPR,SELL,rebalance,491.17060097490145,55.49987030029297,27259.90464942398,42.616760518605446
2012-04-09,VRTX,SELL,rebalance,636.2513567175082,38.11000061035156,24247.539592841247,38.61359483428016
2012-04-09,AAPL,BUY,rebalance_megacap,2091.501626633828,19.539148330688477,40866.160516674594,72.70630397345805
2012-04-09,GOOGL,BUY,rebalance_megacap,2588.6306333923403,15.786787033081055,40866.160516674594,74.44724331902152
2012-04-09,GOOG,BUY,rebalance_megacap,2600.9345076824875,15.712106704711914,40866.160516674594,74.49030687886486
2012-04-09,STX,BUY,rebalance_momentum,1594.0202067777338,16.481035232543945,26271.103189290818,47.62286530727914
2012-04-09,CBOE,BUY,rebalance_momentum,1237.2953811085965,21.232685089111328,26271.103189290818,43.778882908428685
2012-05-17,AAPL,SELL,trailing_stop,2091.501626633828,16.28041648864746,34050.51756828236,61.801391473813695
2012-05-18,STX,SELL,trailing_stop,1594.0202067777338,16.8723087310791,26894.801052332474,48.62140098834825
2012-07-09,GOOGL,SELL,rebalance,2588.6306333923403,14.664915084838867,37962.04842471132,69.8010286659175
2012-07-09,GOOG,SELL,rebalance,2600.9345076824875,14.595541954040527,37962.04872659149,69.8440927091316
2012-07-09,CBOE,SELL,rebalance,1237.2953811085965,21.72545051574707,26880.799575637226,44.707629587238166
2012-07-09,AAPL,BUY,rebalance_megacap,1862.3904162057606,18.853071212768555,35111.77914270487,62.6974316772876
2012-07-09,JNJ,BUY,rebalance_megacap,678.9470745310874,51.71504592895508,35111.77914270487,55.04478685873406
2012-07-09,CVX,BUY,rebalance_megacap,504.0446508462491,69.6600570678711,35111.77914270487,54.4356031714297
2012-07-09,INTU,BUY,rebalance_momentum,429.7025801844711,52.52902603149414,22571.858020310283,35.37265847819143
2012-07-09,STX,BUY,rebalance_momentum,1386.227272213749,16.282941818237305,22571.858020310283,40.97352496576893
2012-09-10,STX,SELL,trailing_stop,1386.227272213749,18.911083221435547,26215.059308657797,46.80317955098402
2012-10-08,AAPL,SELL,rebalance,1862.3904162057606,19.682870864868164,36657.19006214606,65.17006968045993
2012-10-08,JNJ,SELL,rebalance,678.9470745310874,53.463069915771484,36298.59491476404,56.82529699765581
2012-10-08,CVX,SELL,rebalance,504.0446508462491,79.06385040283203,39851.710870855546,61.54414619197037
2012-10-08,INTU,SELL,rebalance,429.7025801844711,55.70097351074219,23934.852036352797,37.41006406543754
2012-10-08,GOOGL,BUY,rebalance_megacap,2196.6230729298363,18.9649658203125,41658.88149822416,74.34301701369793
2012-10-08,GOOG,BUY,rebalance_megacap,2207.0636199085284,18.87525177001953,41658.88149822416,74.37955892663508
2012-10-08,MSFT,BUY,rebalance_megacap,1688.2370908813095,24.675966262817383,41658.88149822416,68.39832228581203
2012-10-08,CBOE,BUY,rebalance_momentum,1143.0777493748676,23.428598403930664,26780.70953457268,44.21873003115745
2012-10-08,BKNG,BUY,rebalance_momentum,42.44438411619884,630.9600219726562,26780.70953457268,40.52260458067319
2013-01-07,GOOGL,SELL,rebalance,2196.6230729298363,18.387136459350586,40389.608191718915,72.31264962319982
2013-01-07,GOOG,SELL,rebalance,2207.0636199085284,18.30015754699707,40389.61196057173,72.3491975662747
2013-01-07,MSFT,SELL,rebalance,1688.2370908813095,22.29729652404785,37643.12301827648,62.37546475289128
2013-01-07,CBOE,SELL,rebalance,1143.0777493748676,25.07193374633789,28659.169599239707,47.06555230690908
2013-01-07,BKNG,SELL,rebalance,42.44438411619884,657.3800048828125,27902.08943755476,42.20685134179926
2013-01-07,GOOGL,BUY,rebalance_megacap,2245.7609816995346,18.387136459350586,41293.11362559447,73.9302905702276
2013-01-07,GOOG,BUY,rebalance_megacap,2256.434870549537,18.30015754699707,41293.11362559447,73.96764917940526
2013-01-07,AAPL,BUY,rebalance_megacap,2543.888283926752,16.232282638549805,41293.11362559447,74.97299293376032
2013-01-07,TPR,BUY,rebalance_momentum,637.4363595614537,41.64427185058594,26545.573045025023,42.058029625269135
2013-01-07,CBOE,BUY,rebalance_momentum,1058.7764515332758,25.07193374633789,26545.573045025023,43.589302723359594
2013-01-23,TPR,SELL,trailing_stop,637.4363595614537,37.99113845825195,24216.932994423267,38.56679418668065
2013-01-25,AAPL,SELL,trailing_stop,2543.888283926752,13.629040718078613,34670.75700388083,64.37733231407415
2013-04-08,GOOGL,SELL,rebalance,2245.7609816995346,19.390640258789062,43546.74330336064,77.53594224245171
2013-04-08,GOOG,SELL,rebalance,2256.434870549537,19.298912048339844,43546.73810954262,77.5732925417419
2013-04-08,CBOE,SELL,rebalance,1058.7764515332758,29.490581512451172,31223.93324740588,50.60492985012664
2013-04-08,MSFT,BUY,rebalance_megacap,1728.8314401948771,24.082338333129883,41634.30366372523,68.50321600384825
2013-04-08,JNJ,BUY,rebalance_megacap,655.615474069418,63.504150390625,41634.30366372523,64.74788588958089
2013-04-08,AAPL,BUY,rebalance_megacap,3134.5334338881894,13.282456398010254,41634.30366372523,77.5862434714438
2013-04-08,CBOE,BUY,rebalance_momentum,907.5748298421554,29.490581512451172,26764.909498109086,43.37039673006934
2013-04-08,MCO,BUY,rebalance_momentum,561.7587805957263,47.64484405517578,26764.909498109086,42.127361167033825
2013-06-24,MCO,SELL,trailing_stop,561.7587805957263,51.980106353759766,29200.28116052425,45.787634106615215
2013-07-08,MSFT,SELL,rebalance,1728.8314401948771,29.1201114654541,50343.76424345637,81.56912167259593
2013-07-08,JNJ,SELL,rebalance,655.615474069418,69.88190460205078,45815.65801454737,71.0217732154764
2013-07-08,AAPL,SELL,rebalance,3134.5334338881894,13.020280838012695,40812.505605364524,76.27140198092468
2013-07-08,CBOE,SELL,rebalance,907.5748298421554,38.729793548583984,35150.18578967792,55.96093289165918
2013-07-08,JNJ,BUY,rebalance_megacap,661.8085644533679,69.88190460205078,46248.44296595043,71.69269540103396
2013-07-08,GOOGL,BUY,rebalance_megacap,2041.8828372253286,22.649900436401367,46248.44296595043,76.52025325203495
2013-07-08,GOOG,BUY,rebalance_megacap,2051.588043191197,22.542753219604492,46248.44296595043,76.55422147230213
2013-07-08,INTU,BUY,rebalance_momentum,509.2805414967493,58.37871170043945,29731.14190668242,46.38724416570579
2013-07-08,CPRI,BUY,rebalance_momentum,466.2977209747124,63.7599983215332,29731.14190668242,46.236704049377515
2013-10-07,JNJ,SELL,rebalance,661.8085644533679,68.81890106201172,45544.93811910833,70.6364048333876
2013-10-07,GOOGL,SELL,rebalance,2041.8828372253286,21.665164947509766,44237.72847197598,73.504389518724
2013-10-07,GOOG,SELL,rebalance,2051.588043191197,21.56267738342285,44237.73109901957,73.53836168198721
2013-10-07,INTU,SELL,rebalance,509.2805414967493,61.41028594970703,31275.063681937012,48.69860118984795
2013-10-07,CPRI,SELL,rebalance,466.2977209747124,74.33000183105469,34659.910453867,53.6309646219402
2013-10-07,MSFT,BUY,rebalance_megacap,1649.5027862613235,28.445459365844727,46920.864480444136,76.1562839701769
2013-10-07,AAPL,BUY,rebalance_megacap,3046.42573158948,15.401939392089844,46920.864480444136,85.7366256607672
2013-10-07,GOOGL,BUY,rebalance_megacap,2165.728467524883,21.665164947509766,46920.864480444136,77.96270407830818
2013-10-07,CBOE,BUY,rebalance_momentum,806.0227060120193,37.42253494262695,30163.412880285523,48.12384587445395
2013-10-07,SPGI,BUY,rebalance_momentum,503.2983753270431,59.93147277832031,30163.412880285523,47.02161800346455
2014-01-07,MSFT,SELL,rebalance,1649.5027862613235,31.33795166015625,51692.0385791504,83.31392346051389
2014-01-07,AAPL,SELL,rebalance,3046.42573158948,17.152694702148438,52254.41050672356,94.2701921344164
2014-01-07,GOOGL,SELL,rebalance,2165.728467524883,28.5,61723.26132445916,100.16670642125517
2014-01-07,CBOE,SELL,rebalance,806.0227060120193,42.53123474121094,34281.140916143246,54.30106763717382
2014-01-07,SPGI,SELL,rebalance,503.2983753270431,71.29314422607422,35881.72366093972,55.604184158856825
2014-01-07,GOOGL,BUY,rebalance_megacap,1887.8875354060058,28.5,53804.79475907116,87.31613954497851
2014-01-07,GOOG,BUY,rebalance_megacap,1896.860747526928,28.36517906188965,53804.79475907116,87.34754578732657
2014-01-07,AAPL,BUY,rebalance_megacap,3136.812943585588,17.152694702148438,53804.79475907116,97.06720103799744
2014-01-07,TTWO,BUY,rebalance_momentum,1909.927966046602,18.110000610351562,34588.79663083148,62.074806433165946
2014-01-07,CBOE,BUY,rebalance_momentum,813.2563477475632,42.53123474121094,34588.79663083148,54.788919657808805
2014-04-07,GOOGL,SELL,rebalance,1887.8875354060058,27.0314998626709,51032.43165406555,83.15791873511162
2014-04-07,GOOG,SELL,rebalance,1896.860747526928,26.83382797241211,50900.03498675863,82.9912314230887
2014-04-07,AAPL,SELL,rebalance,3136.812943585588,16.725919723510742,52466.08148208198,94.92515891789621
2014-04-07,TTWO,SELL,rebalance,1909.927966046602,20.829999923706055,39783.79938703478,66.43237628173075
2014-04-07,CBOE,SELL,rebalance,813.2563477475632,43.6545295715332,35502.32328198309,56.162002631635765
2014-04-07,MSFT,BUY,rebalance_megacap,1408.8832594492058,34.51259231567383,48624.21355374815,77.87013389867329
2014-04-07,JNJ,BUY,rebalance_megacap,616.2247373824979,78.90662384033203,48624.21355374815,75.09582148082332
2014-04-07,AAPL,BUY,rebalance_megacap,2907.1174773964544,16.725919723510742,48624.21355374815,87.9741538113046
2014-04-07,CBOE,BUY,rebalance_momentum,716.0407706975151,43.6545295715332,31258.422998838098,49.44193375642291
2014-04-07,MCO,BUY,rebalance_momentum,439.7998354311987,71.07420349121094,31258.422998838098,48.44653616511585
2014-07-07,MSFT,SELL,rebalance,1408.8832594492058,36.66852569580078,51661.67200149676,82.42565618350325
2014-07-07,JNJ,SELL,rebalance,616.2247373824979,86.4208755493164,53254.68133974304,82.04298922506275
2014-07-07,AAPL,SELL,rebalance,2907.1174773964544,21.584930419921875,62749.92847214127,104.30067914112087
2014-07-07,CBOE,SELL,rebalance,716.0407706975151,41.10715866088867,29434.401568727757,46.693903761548796
2014-07-07,MCO,SELL,rebalance,439.7998354311987,81.9404296875,36037.38749172421,55.61670928311949
2014-07-07,JNJ,BUY,rebalance_megacap,683.8620524646435,86.4208755493164,59099.95732894704,91.04860191709464
2014-07-07,MSFT,BUY,rebalance_megacap,1611.7353018017595,36.66852569580078,59099.95732894704,94.29370123216431
2014-07-07,AAPL,BUY,rebalance_megacap,2738.019357912804,21.584930419921875,59099.95732894704,98.23378014686986
2014-07-07,INTU,BUY,rebalance_momentum,500.60297743708793,75.89413452148438,37992.82971146596,58.75085566377329
2014-07-07,GILD,BUY,rebalance_momentum,528.8760823357044,71.83692169189453,37992.82971146596,58.84229359833405
2014-10-07,JNJ,SELL,rebalance,683.8620524646435,83.67131042480469,57219.63407951326,88.22867086239656
2014-10-07,MSFT,SELL,rebalance,1611.7353018017595,40.008216857910156,64482.65547203407,102.36766057921106
2014-10-07,AAPL,SELL,rebalance,2738.019357912804,22.320663452148438,61114.40861343926,101.25563076445822
2014-10-07,INTU,SELL,rebalance,500.60297743708793,77.24286651611328,38668.00896374185,59.768248799367775
2014-10-07,GILD,SELL,rebalance,528.8760823357044,85.9061050415039,45433.68428307009,70.00477883872281
2014-10-07,JNJ,BUY,rebalance_megacap,742.2719689925003,83.67131042480469,62106.8683372025,95.76497269019477
2014-10-07,AAPL,BUY,rebalance_megacap,2782.4830776356025,22.320663452148438,62106.8683372025,102.89997447747376
2014-10-07,MSFT,BUY,rebalance_megacap,1552.3528218659699,40.008216857910156,62106.8683372025,98.59595286282665
2014-10-07,CBOE,BUY,rebalance_momentum,864.0215257003422,46.20931625366211,39925.84393105876,62.95881110453719
2014-10-07,GILD,BUY,rebalance_momentum,464.7614265804432,85.9061050415039,39925.84393105876,61.51789134354479
2014-12-22,GILD,SELL,trailing_stop,464.7614265804432,76.52391052246094,35565.36182193313,54.978264429209055
2015-01-07,JNJ,SELL,rebalance,742.2719689925003,86.82360076904297,64446.72509785629,99.27580268731774
2015-01-07,AAPL,SELL,rebalance,2782.4830776356025,24.46056365966797,68061.1044524545,111.83188233761118
2015-01-07,MSFT,SELL,rebalance,1552.3528218659699,40.879539489746094,63459.4684834887,100.62738762017793
2015-01-07,CBOE,SELL,rebalance,864.0215257003422,58.05855178833008,50163.83849610529,78.36324129871157
2015-01-07,AAPL,BUY,rebalance_megacap,2677.4555547681334,24.46056365966797,65492.072043337546,107.61062370912994
2015-01-07,MSFT,BUY,rebalance_megacap,1602.0746040880688,40.879539489746094,65492.072043337546,103.85064137371776
2015-01-07,JNJ,BUY,rebalance_megacap,754.3118629409436,86.82360076904297,65492.072043337546,100.88621661846621
2015-01-07,STX,BUY,rebalance_momentum,941.9795748635274,44.69528579711914,42102.046313574145,66.47776030602598
2015-01-07,CBOE,BUY,rebalance_momentum,725.1652860214258,58.05855178833008,42102.046313574145,65.75694555714655
2015-01-30,MSFT,SELL,trailing_stop,1602.0746040880688,35.72428894042969,57232.97606056667,91.46218366535308
2015-01-30,STX,SELL,trailing_stop,941.9795748635274,39.25007247924805,36972.76658736471,58.77814303711973
2015-04-02,CBOE,SELL,trailing_stop,725.1652860214258,48.7483024597168,35350.57669625951,55.6029632321635
2015-04-07,AAPL,SELL,rebalance,2677.4555547681334,28.71870231628418,76893.04904246754,124.71222119275039
2015-04-07,JNJ,SELL,rebalance,754.3118629409436,82.9090347290039,62539.26844107032,96.45519410629264
2015-04-07,AAPL,BUY,rebalance_megacap,1998.7299440430431,28.71870231628418,57400.93027361549,93.09781575537448
2015-04-07,META,BUY,rebalance_megacap,697.290214849509,82.31999969482422,57400.93027361549,88.54386626656746
2015-04-07,MSFT,BUY,rebalance_megacap,1552.0119027743547,36.9848518371582,57400.93027361549,91.53662467543376
2015-04-07,GILD,BUY,rebalance_momentum,453.9194906808496,81.29326629638672,36900.598033038536,56.941307690885594
2015-04-07,CBOE,BUY,rebalance_momentum,748.1472693482935,49.32263946533203,36900.598033038536,58.012163408360976
2015-07-07,AAPL,SELL,rebalance,1998.7299440430431,28.765426635742188,57494.31957003124,93.23760135292454
2015-07-07,META,SELL,rebalance,697.290214849509,87.22000122070312,60817.653390358515,93.66933233085689
2015-07-07,MSFT,SELL,rebalance,1552.0119027743547,39.70808029174805,61627.41324911274,97.87621221652586
2015-07-07,GILD,SELL,rebalance,453.9194906808496,95.17880249023438,43203.513549980365,66.39647723302659
2015-07-07,CBOE,SELL,rebalance,748.1472693482935,52.79730224609375,39500.157504371564,61.920624014762495
2015-07-07,GOOGL,BUY,rebalance_megacap,2450.8966102398763,27.50149917602539,67403.33110703538,109.68797377818913
2015-07-07,AAPL,BUY,rebalance_megacap,2343.206376201772,28.765426635742188,67403.33110703538,109.30699852777308
2015-07-07,GOOG,BUY,rebalance_megacap,2567.648185497187,26.250999450683594,67403.33110703538,110.09641231735381
2015-07-07,INTU,BUY,rebalance_momentum,442.8816325896149,97.838134765625,43330.71285452276,66.56121596894373
2015-07-07,GILD,BUY,rebalance_momentum,455.2559154016318,95.17880249023438,43330.71285452276,66.59196835228636
2015-08-21,AAPL,SELL,trailing_stop,2343.206376201772,24.313800811767578,56972.253091833605,93.66083965309531
2015-08-21,INTU,SELL,trailing_stop,442.8816325896149,84.5348892211914,37438.94974906349,57.74488805758011
2015-08-24,GILD,SELL,trailing_stop,455.2559154016318,83.21636962890625,37884.74453180827,58.42402133350245
2015-10-07,GOOGL,SELL,rebalance,2450.8966102398763,33.5,82105.03644303586,131.74289139289203
2015-10-07,GOOG,SELL,rebalance,2567.648185497187,32.11800003051758,82467.72450015706,132.69590238176764
2015-10-07,MSFT,BUY,rebalance_megacap,1479.3913671405996,42.22557067871094,62468.14473467019,98.88364901332393
2015-10-07,GOOG,BUY,rebalance_megacap,1944.9574903578928,32.11800003051758,62468.14473467019,100.51389866351472
2015-10-07,GOOGL,BUY,rebalance_megacap,1864.720738348364,33.5,62468.14473467019,100.23290670261632
2015-10-07,CBOE,BUY,rebalance_momentum,698.538468531707,57.48873519897461,40158.093043716566,62.72359168732005
2015-10-07,GILD,BUY,rebalance_momentum,482.55134705879175,83.22035217285156,40158.093043716566,61.92917420824908
2016-01-07,MSFT,SELL,rebalance,1479.3913671405996,47.387969970703125,70105.35368097617,110.34023053496635
2016-01-07,GOOG,SELL,rebalance,1944.9574903578928,36.31949996948242,70639.88351169809,112.7717853326903
2016-01-07,GOOGL,SELL,rebalance,1864.720738348364,37.04999923706055,69087.90193313787,110.16257969597827
2016-01-07,CBOE,SELL,rebalance,698.538468531707,55.89097595214844,39041.996746356235,61.05428005778768
2016-01-07,GILD,SELL,rebalance,482.55134705879175,80.22879028320312,38714.51082405697,59.76416227201523
2016-01-07,GOOGL,BUY,rebalance_megacap,1988.7816446479492,37.04999923706055,73684.35841688653,117.49205561994113
2016-01-07,GOOG,BUY,rebalance_megacap,2028.7822926747356,36.31949996948242,73684.35841688653,117.63229032863427
2016-01-07,MSFT,BUY,rebalance_megacap,1554.9169644203105,47.387969970703125,73684.35841688653,115.97353064707704
2016-01-07,CBOE,BUY,rebalance_momentum,847.5163533679628,55.89097595214844,47368.516125141345,74.08738387604815
2016-01-07,GILD,BUY,rebalance_momentum,590.4179280023186,80.22879028320312,47368.516125141345,73.12442614055887
2016-04-07,GOOGL,SELL,rebalance,1988.7816446479492,38.00600051879883,75585.63621826754,120.34310851815833
2016-04-07,GOOG,SELL,rebalance,2028.7822926747356,37.013999938964844,75093.34765723562,119.74448130212899
2016-04-07,MSFT,SELL,rebalance,1554.9169644203105,49.8232421875,77471.00449976545,121.6539522563611
2016-04-07,CBOE,SELL,rebalance,847.5163533679628,58.21491622924805,49338.09351423374,77.07465846069485
2016-04-07,GILD,SELL,rebalance,590.4179280023186,80.04591369628906,47260.54250961541,72.96125993420819
2016-04-07,AAPL,BUY,rebalance_megacap,3013.2402138533466,25.195701599121094,75920.70127472075,124.4294671791843
2016-04-07,MSFT,BUY,rebalance_megacap,1523.800899768989,49.8232421875,75920.70127472075,119.21938372472636
2016-04-07,META,BUY,rebalance_megacap,668.0807962203882,113.63999938964844,75920.70127472075,116.22190825455353
2016-04-07,CBOE,BUY,rebalance_momentum,838.3790318100067,58.21491622924805,48806.16510517763,76.24261461630836
2016-04-07,GILD,BUY,rebalance_momentum,609.7271284872633,80.04591369628906,48806.16510517763,75.34754083978031
2016-04-28,AAPL,SELL,trailing_stop,3013.2402138533466,22.013166427612305,66330.95831392781,110.04506260196182
2016-05-04,GILD,SELL,trailing_stop,609.7271284872633,71.69539642333984,43714.62818695901,67.71176688783576
2016-07-07,MSFT,SELL,rebalance,1523.800899768989,47.3342399597168,72127.95744049769,113.53003748152878
2016-07-07,META,SELL,rebalance,668.0807962203882,115.8499984741211,77397.15922272157,118.4378011412222
2016-07-07,CBOE,SELL,rebalance,838.3790318100067,60.35055923461914,50596.64342031246,78.93176400381513
2016-07-07,AAPL,BUY,rebalance_megacap,3285.8828985305063,22.40642547607422,73624.89028903053,121.93991853715116
2016-07-07,GOOG,BUY,rebalance_megacap,2117.6048951103808,34.768001556396484,73624.89028903053,117.85459132346992
2016-07-07,GOOGL,BUY,rebalance_megacap,2081.9752976071945,35.362998962402344,73624.89028903053,117.72958227410624
2016-07-07,INTU,BUY,rebalance_momentum,433.4787580532706,109.18709564208984,47330.28661437678,72.5322977986058
2016-07-07,BF-B,BUY,rebalance_momentum,1353.1495915188577,34.977867126464844,47330.28661437678,75.78881200840998
2016-10-07,AAPL,SELL,rebalance,3285.8828985305063,26.782583236694336,88004.43223592373,143.50959396808608
2016-10-07,GOOG,SELL,rebalance,2117.6048951103808,38.75400161743164,82065.66353018886,130.5155002585492
2016-10-07,GOOGL,SELL,rebalance,2081.9752976071945,40.035499572753906,83352.92113783702,132.32098895931153
2016-10-07,INTU,SELL,rebalance,433.4787580532706,103.27985382080078,44769.62276616406,68.6863065860234
2016-10-07,BF-B,SELL,rebalance,1353.1495915188577,33.529571533203125,45370.52602395613,72.81891228648671
2016-10-07,AAPL,BUY,rebalance_megacap,2966.3943062046606,26.782583236694336,79447.70241878247,129.55585338965687
2016-10-07,META,BUY,rebalance_megacap,615.9213817770778,128.99000549316406,79447.70241878247,121.32941942510726
2016-10-07,MSFT,BUY,rebalance_megacap,1482.769907834538,53.58060073852539,79447.70241878247,124.36547690389014
2016-10-07,SPGI,BUY,rebalance_momentum,434.64460252297204,117.50640106201172,51073.522983503026,78.15896480404895
2016-10-07,MA,BUY,rebalance_momentum,514.6824822738128,99.23307037353516,51073.522983503026,78.41661462944018
2017-01-09,AAPL,SELL,rebalance,2966.3943062046606,28.083660125732422,83307.20949435951,135.3445515973989
2017-01-09,META,SELL,rebalance,615.9213817770778,124.9000015258789,76928.58152377847,117.55168550438714
2017-01-09,MSFT,SELL,rebalance,1482.769907834538,58.459556579589844,86682.07132156639,135.21695667163604
2017-01-09,SPGI,SELL,rebalance,434.64460252297204,107.7903060913086,46850.47474688631,71.81752900099967
2017-01-09,MA,SELL,rebalance,514.6824822738128,104.59297180175781,53832.170355323615,82.55675468117717
2017-01-09,AAPL,BUY,rebalance_megacap,2897.8126975227856,28.083660125732422,81381.18690526175,132.21542004933826
2017-01-09,META,BUY,rebalance_megacap,651.5707438834563,124.9000015258789,81381.18690526175,124.35573419973876
2017-01-09,MSFT,BUY,rebalance_megacap,1392.0938109488604,58.459556579589844,81381.18690526175,126.94777106223802
2017-01-09,CPRI,BUY,rebalance_momentum,1244.4451987848738,42.040000915527344,52316.477296239704,82.87173667772892
2017-01-09,MTD,BUY,rebalance_momentum,122.6991807709616,426.3800048828125,52316.477296239704,78.9413079513491
2017-02-07,CPRI,SELL,trailing_stop,1244.4451987848738,36.81999969482422,45820.47183948452,73.14201419580944
2017-04-07,AAPL,SELL,rebalance,2897.8126975227856,33.977352142333984,98460.00246625845,157.8345648366096
2017-04-07,META,SELL,rebalance,651.5707438834563,140.77999877929688,91728.12852853854,139.8745758851096
2017-04-07,MSFT,SELL,rebalance,1392.0938109488604,61.66829299926758,85848.04901606133,133.64726401703254
2017-04-07,MTD,SELL,rebalance,122.6991807709616,482.8900146484375,59250.20919984093,89.33454470023426
2017-04-07,AAPL,BUY,rebalance_megacap,2592.2134146943827,33.977352142333984,88076.54801915308,141.18934278976346
2017-04-07,META,BUY,rebalance_megacap,625.6325385911683,140.77999877929688,88076.54801915308,134.30627427267822
2017-04-07,MSFT,BUY,rebalance_megacap,1428.2306795843879,61.66829299926758,88076.54801915308,137.11664208587067
2017-04-07,VRTX,BUY,rebalance_momentum,488.61442314749996,115.87999725341797,56620.6380123127,86.69723911100705
2017-04-07,ORLY,BUY,rebalance_momentum,223.62904327320732,253.19000244140625,56620.6380123127,85.72990522365367
2017-06-20,ORLY,SELL,trailing_stop,223.62904327320732,225.00999450683594,50318.76979847335,76.27080263756443
2017-07-07,AAPL,SELL,rebalance,2592.2134146943827,34.31752395629883,88958.34595861366,142.5125439131322
2017-07-07,META,SELL,rebalance,625.6325385911683,151.44000244140625,94745.79317166972,144.31215887134033
2017-07-07,MSFT,SELL,rebalance,1428.2306795843879,65.59121704101562,93679.38848925683,145.5234546126015
2017-07-07,VRTX,SELL,rebalance,488.61442314749996,130.35000610351562,63690.89303954239,97.28473824339943
2017-07-07,META,BUY,rebalance_megacap,603.2658494669154,151.44000244140625,91358.58171608667,139.15279457281903
2017-07-07,MSFT,BUY,rebalance_megacap,1392.8477902606708,65.59121704101562,91358.58171608667,141.9181320463179
2017-07-07,AAPL,BUY,rebalance_megacap,2662.155400034862,34.31752395629883,91358.58171608667,146.35781908575836
2017-07-07,INTU,BUY,rebalance_momentum,459.34881045547706,127.85603332519531,58730.5168174843,89.71790351614862
2017-07-07,MA,BUY,rebalance_momentum,492.32915942985346,119.2911605834961,58730.5168174843,89.82885358968436
2017-10-09,META,SELL,rebalance,603.2658494669154,172.5,104063.3590330429,158.21248515572532
2017-10-09,MSFT,SELL,rebalance,1392.8477902606708,72.42463684082031,100876.49538416814,156.1956848540977
2017-10-09,AAPL,SELL,rebalance,2662.155400034862,37.23848342895508,99134.62974950149,158.02145217179222
2017-10-09,INTU,SELL,rebalance,459.34881045547706,139.92828369140625,64275.89066272399,98.0365900293388
2017-10-09,MA,SELL,rebalance,492.32915942985346,141.3280029296875,69579.89688627291,106.10239466493529
2017-10-09,GOOGL,BUY,rebalance_megacap,2031.1829292857901,49.615501403808594,100778.15947937117,158.28269387550068
2017-10-09,GOOG,BUY,rebalance_megacap,2063.0125409883008,48.849998474121094,100778.15947937117,158.39470712445552
2017-10-09,META,BUY,rebalance_megacap,584.2212143731662,172.5,100778.15947937117,153.21765574885424
2017-10-09,MA,BUY,rebalance_momentum,458.40851297914327,141.3280029296875,64785.95966531005,98.79151626651651
2017-10-09,SPGI,BUY,rebalance_momentum,423.99462629763053,152.79901123046875,64785.95966531005,98.6803670657873
2018-01-08,GOOGL,SELL,rebalance,2031.1829292857901,55.71049880981445,113158.21416449145,176.85299653329884
2018-01-08,GOOG,SELL,rebalance,2063.0125409883008,55.34700012207031,114181.55535791208,178.500331972135
2018-01-08,META,SELL,rebalance,584.2212143731662,188.27999877929688,109997.16952901907,167.04501408284617
2018-01-08,MA,SELL,rebalance,458.40851297914327,155.9650115966797,71495.68904280876,108.85662454044731
2018-01-08,SPGI,SELL,rebalance,423.99462629763053,170.51402282714844,72297.02938710245,109.96057293976973
2018-01-08,META,BUY,rebalance_megacap,588.4957822167852,188.27999877929688,110801.98515739768,168.26726439162823
2018-01-08,AAPL,BUY,rebalance_megacap,2650.0498648110274,41.811283111572266,110801.98515739768,175.48129925792685
2018-01-08,NFLX,BUY,rebalance_megacap,522.5276282139586,212.0500030517578,110801.98515739768,168.04715324811966
2018-01-08,SPGI,BUY,rebalance_momentum,417.7360103303091,170.51402282714844,71229.84760118424,108.33698527615155
2018-01-08,CPRI,BUY,rebalance_momentum,1099.2259914600731,64.80000305175781,71229.84760118424,110.7295234454214
2018-03-23,META,SELL,trailing_stop,588.4957822167852,159.38999938964844,93800.34236834408,142.76357931160373
2018-04-02,NFLX,SELL,trailing_stop,522.5276282139586,280.2900085449219,146459.2733770482,221.5381919663801
2018-04-09,AAPL,SELL,rebalance,2650.0498648110274,40.94635772705078,108509.8897590749,172.0438236043657
2018-04-09,SPGI,SELL,rebalance,417.7360103303091,181.18788146972656,75688.70272536452,115.02937382837595
2018-04-09,CPRI,SELL,rebalance,1099.2259914600731,64.2699966430664,70647.25078111024,109.88976071233888
2018-04-09,AAPL,BUY,rebalance_megacap,2537.4852306824023,40.94635772705078,103900.77798262962,164.73586255500754
2018-04-09,MSFT,BUY,rebalance_megacap,1194.1169921120074,87.01055145263672,103900.77798262962,160.03940697867583
2018-04-09,META,BUY,rebalance_megacap,657.8913620032284,157.92999267578125,103900.77798262962,158.1570263925487
2018-04-09,MA,BUY,rebalance_momentum,399.85766947549007,167.04283142089844,66793.35727454761,101.60177041909014
2018-04-09,MU,BUY,rebalance_momentum,1392.6888771808249,47.959999084472656,66793.35727454761,105.0686028846427
2018-05-02,MU,SELL,trailing_stop,1392.6888771808249,45.88999938964844,63910.49172379822,100.74612195227105
2018-07-09,AAPL,SELL,rebalance,2537.4852306824023,46.06673049926758,116893.64826771805,184.22483759904992
2018-07-09,MSFT,SELL,rebalance,1194.1169921120074,98.0548324584961,117088.94159738619,179.81809575045864
2018-07-09,META,SELL,rebalance,657.8913620032284,204.74000549316406,134696.68107044618,204.35541152300718
2018-07-09,MA,SELL,rebalance,399.85766947549007,197.2887725830078,78887.42881872147,119.74298411921609
2018-07-09,META,BUY,rebalance_megacap,629.0952895660452,204.74000549316406,128800.97304147572,195.41039790943208
2018-07-09,NFLX,BUY,rebalance_megacap,307.4229006043479,418.9700012207031,128800.97304147572,194.2863026072107
2018-07-09,MSFT,BUY,rebalance_megacap,1313.560686527037,98.0548324584961,128800.97304147572,197.80530367314546
2018-07-09,INTU,BUY,rebalance_momentum,407.3918068445801,203.2456817626953,82800.62552666297,125.65669305753046
2018-07-09,MA,BUY,rebalance_momentum,419.6925372011487,197.2887725830078,82800.62552666297,125.68345573260791
2018-07-26,META,SELL,trailing_stop,629.0952895660452,176.25999450683594,110884.33228318748,168.54098648888274
2018-07-27,NFLX,SELL,trailing_stop,307.4229006043479,355.2099914550781,109199.68589676575,164.88080274158165
2018-10-08,MSFT,SELL,rebalance,1313.560686527037,107.13015747070312,140721.96319496637,215.68732558425918
2018-10-08,INTU,SELL,rebalance,407.3918068445801,212.64825439453125,86631.156580134,131.40258957179284
2018-10-08,MA,SELL,rebalance,419.6925372011487,204.7227020263672,85920.59023612078,130.36264730861149
2018-10-08,MSFT,BUY,rebalance_megacap,1178.5978344798502,107.13015747070312,126263.37160245604,193.52571957778352
2018-10-08,AAPL,BUY,rebalance_megacap,2326.188522567166,54.27907943725586,126263.37160245604,197.53966614366675
2018-10-08,GOOG,BUY,rebalance_megacap,2197.8531748374967,57.44850158691406,126263.37160245604,197.09795428514914
2018-10-08,MA,BUY,rebalance_momentum,396.48416864589086,204.7227020263672,81169.31031586463,123.15311754359976
2018-10-08,SBUX,BUY,rebalance_momentum,1513.1305763367627,53.64329528808594,81169.31031586463,127.06253318703595
2018-11-14,AAPL,SELL,trailing_stop,2326.188522567166,45.4694938659668,105770.61475795011,166.80132459928106
2018-12-21,MA,SELL,trailing_stop,396.48416864589086,172.2144012451172,68280.28370652016,103.822390377592
2018-12-24,MSFT,SELL,trailing_stop,1178.5978344798502,91.36424255371094,107681.6984226955,165.6538588632089
2018-12-24,GOOG,SELL,trailing_stop,2197.8531748374967,48.81100082397461,107279.41312796826,168.62292705966965
2019-01-07,SBUX,SELL,rebalance,1513.1305763367627,60.636966705322266,91751.64837813737,142.9455381363588
2019-01-07,NFLX,BUY,rebalance_megacap,275.52733877127974,315.3399963378906,86884.7899991241,131.29921224192998
2019-01-07,GOOG,BUY,rebalance_megacap,1626.462107105907,53.419498443603516,86884.7899991241,136.02819471428842
2019-01-07,GOOGL,BUY,rebalance_megacap,1615.0789590782601,53.79600143432617,86884.7899991241,135.987679662525
2019-01-07,MTD,BUY,rebalance_momentum,104.67878493878278,533.5800170898438,55854.507856579796,84.23644296332492
2019-01-07,SPGI,BUY,rebalance_momentum,330.7652121285255,168.86451721191406,55854.507856579796,84.95769404094153
2019-04-08,NFLX,SELL,rebalance,275.52733877127974,361.4100036621094,99578.33651433946,150.33979080051134
2019-04-08,GOOG,SELL,rebalance,1626.462107105907,60.19200134277344,97900.00933488888,152.54845983949676
2019-04-08,GOOGL,SELL,rebalance,1615.0789590782601,60.41400146484375,97573.38259959233,152.0184742778489
2019-04-08,MTD,SELL,rebalance,104.67878493878278,738.3699951171875,77291.67392412217,116.39766271366317
2019-04-08,SPGI,SELL,rebalance,330.7652121285255,208.36245727539062,68919.0523803154,104.55525796558283
2019-04-08,AAPL,BUY,rebalance_megacap,2652.733256516187,48.9157829284668,129760.52414287062,203.92882923809316
2019-04-08,MSFT,BUY,rebalance_megacap,1109.9815836238765,116.90331268310547,129760.52414287062,198.53109540539995
2019-04-08,META,BUY,rebalance_megacap,741.7854546153865,174.92999267578125,129760.52414287062,197.24579024693116
2019-04-08,MA,BUY,rebalance_momentum,358.04044565221955,232.9833984375,83417.47980613113,126.3889923261238
2019-04-08,BBY,BUY,rebalance_momentum,1199.2472976314502,69.55819702148438,83417.47980613113,129.35610840529554
2019-05-24,AAPL,SELL,trailing_stop,2652.733256516187,43.918888092041016,116505.09503096994,184.047207798552
2019-05-31,BBY,SELL,trailing_stop,1199.2472976314502,58.262657165527344,69871.33415858632,109.05045617822955
2019-06-03,META,SELL,trailing_stop,741.7854546153865,164.14999389648438,121764.07784761657,185.25617372736068
2019-07-08,MSFT,SELL,rebalance,1109.9815836238765,133.99771118164062,148734.9916593723,226.99468644538698
2019-07-08,MA,SELL,rebalance,358.04044565221955,267.7817687988281,95876.70383827203,145.0792366510309
2019-07-08,META,BUY,rebalance_megacap,598.1438082771107,195.75999450683594,117092.62862262512,177.73863110946584
2019-07-08,MSFT,BUY,rebalance_megacap,873.8405125733841,133.99771118164062,117092.62862262512,178.70188639718313
2019-07-08,AAPL,BUY,rebalance_megacap,2385.5309466557624,49.08451461791992,117092.62862262512,183.99184118695632
2019-07-08,INTU,BUY,rebalance_momentum,281.9795798010017,266.94781494140625,75273.8326859733,113.91782512028173
2019-07-08,QCOM,BUY,rebalance_momentum,1033.4493980713314,72.83746337890625,75273.8326859733,116.53794496906005
2019-10-07,META,SELL,rebalance,598.1438082771107,179.67999267578125,107474.47509029515,163.31152399306816
2019-10-07,MSFT,SELL,rebalance,873.8405125733841,134.60096740722656,117619.77835200423,179.49295586358897
2019-10-07,AAPL,SELL,rebalance,2385.5309466557624,55.93178939819336,133427.01451122295,208.49388852967354
2019-10-07,INTU,SELL,rebalance,281.9795798010017,263.10125732421875,74189.18198539842,112.28978434375618
2019-10-07,QCOM,SELL,rebalance,1033.4493980713314,73.13793182373047,75584.35161941632,117.01537366072164
2019-10-07,AAPL,BUY,rebalance_megacap,2365.9634330045124,55.93178939819336,132332.56845863495,206.78366766343643
2019-10-07,MSFT,BUY,rebalance_megacap,983.1472314628414,134.60096740722656,132332.56845863495,201.9460028588725
2019-10-07,META,BUY,rebalance_megacap,736.4902819058932,179.67999267578125,132332.56845863495,201.08613216611587
2019-10-07,MA,BUY,rebalance_momentum,316.567069699697,268.7295837402344,85070.93686626534,128.72305443319274
2019-10-07,BKNG,BUY,rebalance_momentum,43.59124716231666,1951.56005859375,85070.93686626534,127.96942595695242
2020-01-07,AAPL,SELL,rebalance,2365.9634330045124,73.72321319580078,174426.4265848604,269.9234835738225
2020-01-07,MSFT,SELL,rebalance,983.1472314628414,155.21145629882812,152595.71355150867,232.3400141858803
2020-01-07,META,SELL,rebalance,736.4902819058932,213.05999755859375,156916.61766479764,237.96395597634677
2020-01-07,MA,SELL,rebalance,316.567069699697,296.7531433105469,93942.27300199406,142.02879697178983
2020-01-07,BKNG,SELL,rebalance,43.59124716231666,2068.050048828125,90148.88082250784,135.5827351283718
2020-01-07,AAPL,BUY,rebalance_megacap,2066.1568578622496,73.72321319580078,152323.72252814448,235.71939907027624
2020-01-07,META,BUY,rebalance_megacap,714.9334660357998,213.05999755859375,152323.72252814448,230.99851182420863
2020-01-07,MSFT,BUY,rebalance_megacap,981.3948413374596,155.21145629882812,152323.72252814448,231.92587495063756
2020-01-07,MA,BUY,rebalance_momentum,329.97929511847883,296.7531433105469,97922.39305380719,148.04656039971096
2020-01-07,MTD,BUY,rebalance_momentum,122.8390741541323,797.1599731445312,97922.39305380719,147.3902816186288
2020-02-25,MTD,SELL,trailing_stop,122.8390741541323,703.0,86355.86913035501,130.0717139326943
2020-02-27,AAPL,SELL,trailing_stop,2066.1568578622496,67.73896789550781,139959.33306181422,217.17563680141427
2020-02-27,MSFT,SELL,trailing_stop,981.3948413374596,156.2279815673828,153321.33518279323,233.42569486132118
2020-02-27,MA,SELL,trailing_stop,329.97929511847883,282.90582275390625,93353.0639772473,141.1987252044248
2020-03-03,META,SELL,trailing_stop,714.9334660357998,185.88999938964844,132898.98156503408,201.86258819311755
2020-04-07,MSFT,BUY,rebalance_megacap,671.808133527824,161.4724578857422,108478.51054837063,165.07612865312493
2020-04-07,AMZN,BUY,rebalance_megacap,1078.529613974189,100.58000183105469,108478.51054837063,166.4958054616206
2020-04-07,META,BUY,rebalance_megacap,642.5310038018197,168.8300018310547,108478.51054837063,164.9807158864753
2020-04-07,AMP,BUY,rebalance_momentum,702.7918254616184,99.22737121582031,69736.185352524,107.46918816750245
2020-04-07,MA,BUY,rebalance_momentum,271.9412581345017,256.43841552734375,69736.185352524,105.57145737110429
2020-04-16,AMP,SELL,trailing_stop,702.7918254616184,97.51094055175781,68529.89191284923,105.58415241407688
2020-07-07,MSFT,SELL,rebalance,671.808133527824,206.2529296875,138562.3957280049,210.20041151379624
2020-07-07,AMZN,SELL,rebalance,1078.529613974189,150.00599670410156,161785.90971908814,246.45775356690197
2020-07-07,META,SELL,rebalance,642.5310038018197,240.86000061035156,154760.01796787608,234.39943532287572
2020-07-07,MA,SELL,rebalance,271.9412581345017,297.3111877441406,80851.17845260464,122.24229307709948
2020-07-07,AAPL,BUY,rebalance_megacap,1859.4999412329726,92.54888916015625,172094.65395448744,264.654426209704
2020-07-07,MSFT,BUY,rebalance_megacap,834.386470123034,206.2529296875,172094.65395448744,261.0708014275569
2020-07-07,NFLX,BUY,rebalance_megacap,348.9631208462696,493.1600036621094,172094.65395448744,259.38942827316833
2020-07-07,INTU,BUY,rebalance_momentum,362.0457843002216,305.57537841796875,110632.27754217052,167.2811363359815
2020-07-07,POOL,BUY,rebalance_momentum,409.84237935034815,269.9385986328125,110632.27754217052,167.69042048423586
2020-09-08,AAPL,SELL,trailing_stop,1859.4999412329726,112.26695251464844,208760.39160339368,319.65513285649746
2020-09-17,NFLX,SELL,trailing_stop,348.9631208462696,470.20001220703125,164082.46368171967,247.3766806630687
2020-09-18,INTU,SELL,trailing_stop,362.0457843002216,298.3444519042969,108014.3510813109,163.34499318397036
2020-10-07,MSFT,SELL,rebalance,834.386470123034,208.3201446533203,173819.51015280376,263.65803114573885
2020-10-07,POOL,SELL,rebalance,409.84237935034815,329.8648986816406,135192.6149398451,204.34315117406635
2020-10-07,NFLX,BUY,rebalance_megacap,308.4562783280439,534.6599731445312,164919.225487134,248.48857229510259
2020-10-07,MSFT,BUY,rebalance_megacap,791.6623990521285,208.3201446533203,164919.225487134,250.15723036775216
2020-10-07,AAPL,BUY,rebalance_megacap,1440.142887945038,114.51587677001953,164919.225487134,252.42316266680996
2020-10-07,IDXX,BUY,rebalance_momentum,274.49835352806076,386.2300109863281,106019.50209887189,160.11100731325297
2020-10-07,SPGI,BUY,rebalance_momentum,302.2481901482374,350.7696838378906,106019.50209887189,160.13982293466182
2020-11-09,NFLX,SELL,trailing_stop,308.4562783280439,470.5,145128.67895334464,218.7929364544186
2021-01-07,MSFT,SELL,rebalance,791.6623990521285,217.28665161132812,172017.67189662808,260.8040690186309
2021-01-07,AAPL,SELL,rebalance,1440.142887945038,130.50299072265625,187942.95394479067,286.96006021850866
2021-01-07,IDXX,SELL,rebalance,274.49835352806076,495.19000244140625,135928.8403537224,204.97965727518678
2021-01-07,SPGI,SELL,rebalance,302.2481901482374,325.8879699707031,98499.04911472817,148.8219567801726
2021-01-07,TSLA,BUY,rebalance_megacap,631.4031051860297,272.0133361816406,171750.0651170993,259.8373056709976
2021-01-07,AAPL,BUY,rebalance_megacap,1316.0622922588873,130.50299072265625,171750.0651170993,262.23559912001645
2021-01-07,MSFT,BUY,rebalance_megacap,790.4308149785359,217.28665161132812,171750.0651170993,260.3983273420098
2021-01-07,IDXX,BUY,rebalance_momentum,222.96644843869024,495.19000244140625,110410.7561467067,166.47941987681858
2021-01-07,HOLX,BUY,rebalance_momentum,1416.0671337451472,77.97000122070312,110410.7561467067,170.7685612987578
2021-02-22,TSLA,SELL,trailing_stop,631.4031051860297,238.1666717529297,150379.17609662167,227.78283791691308
2021-02-25,AAPL,SELL,trailing_stop,1316.0622922588873,120.78483581542969,158960.36789336774,243.05010024770803
2021-03-04,HOLX,SELL,trailing_stop,1416.0671337451472,70.41000366210938,99705.29207278854,154.68592225775404
2021-04-07,MSFT,SELL,rebalance,790.4308149785359,249.32427978515625,197073.59366451754,298.385022503502
2021-04-07,IDXX,SELL,rebalance,222.96644843869024,489.2699890136719,109090.79177801541,164.51517179015568
2021-04-07,META,BUY,rebalance_megacap,541.5494646087649,313.0899963378906,169553.71989114484,256.2349337573021
2021-04-07,AAPL,BUY,rebalance_megacap,1327.9258755975488,127.68312072753906,169553.71989114484,258.981888466201
2021-04-07,GOOGL,BUY,rebalance_megacap,1514.5283447169918,111.95149993896484,169553.71989114484,259.64520024643684
2021-04-07,MRNA,BUY,rebalance_momentum,829.0774999464836,131.47000122070312,108998.8199300217,166.45986058503826
2021-04-07,IDXX,BUY,rebalance_momentum,222.77847073709623,489.2699890136719,108998.8199300217,164.376389909051
2021-05-12,MRNA,SELL,trailing_stop,829.0774999464836,152.67999267578125,126583.54661948414,192.8125274324099
2021-07-07,META,SELL,rebalance,541.5494646087649,350.489990234375,189807.666562157,286.616735400488
2021-07-07,AAPL,SELL,rebalance,1327.9258755975488,144.57000732421875,191978.25356115724,292.6184669678512
2021-07-07,GOOGL,SELL,rebalance,1514.5283447169918,126.4739990234375,191548.45639070522,292.6330884043631
2021-07-07,IDXX,SELL,rebalance,222.77847073709623,665.3099975585938,148216.74382220473,223.18307830778338
2021-07-07,AAPL,BUY,rebalance_megacap,1471.4668990187965,144.57000732421875,212729.98036849286,324.2492132367456
2021-07-07,MSFT,BUY,rebalance_megacap,759.939934749613,279.92999267578125,212729.98036849286,321.7604664307094
2021-07-07,META,BUY,rebalance_megacap,606.9502305222437,350.489990234375,212729.98036849286,321.2316219156186
2021-07-07,MRNA,BUY,rebalance_momentum,616.2910822049918,221.89999389648438,136754.98737974543,207.3232901844416
2021-07-07,POOL,BUY,rebalance_momentum,290.7700826035077,470.32000732421875,136754.98737974543,206.31734806331326
2021-08-11,MRNA,SELL,trailing_stop,616.2910822049918,385.3299865722656,237475.43443065652,358.4065945314575
2021-10-07,AAPL,SELL,rebalance,1471.4668990187965,143.2899932861328,210846.48208117002,321.42433104907667
2021-10-07,MSFT,SELL,rebalance,759.939934749613,294.8500061035156,224068.29439922867,338.77242525675763
2021-10-07,META,SELL,rebalance,606.9502305222437,329.2200012207031,199820.1556334391,301.86573533041246
2021-10-07,POOL,SELL,rebalance,290.7700826035077,452.5400085449219,131585.09566599902,198.63942657260333
2021-10-07,MSFT,BUY,rebalance_megacap,707.1670332097467,294.8500061035156,208508.20405809884,315.24621795006556
2021-10-07,TSLA,BUY,rebalance_megacap,788.2014788274041,264.53668212890625,208508.20405809884,315.525060928216
2021-10-07,AAPL,BUY,rebalance_megacap,1455.1483971510359,143.2899932861328,208508.20405809884,317.85970058009445
2021-10-07,MRNA,BUY,rebalance_momentum,433.28482890486583,309.3599853515625,134040.98832306356,202.5947662360078
2021-10-07,SPGI,BUY,rebalance_momentum,310.8263917727891,431.2406921386719,134040.98832306356,202.20863558074188
2021-11-04,MRNA,SELL,trailing_stop,433.28482890486583,284.0199890136719,123061.55234535069,186.13723285895352
2021-11-09,TSLA,SELL,trailing_stop,788.2014788274041,341.1666564941406,268908.0631752826,406.13172429006255
2022-01-07,MSFT,SELL,rebalance,707.1670332097467,314.0400085449219,222078.7411518759,335.6026307883177
2022-01-07,AAPL,SELL,rebalance,1455.1483971510359,172.1699981689453,250532.89687303753,380.898742841953
2022-01-07,SPGI,SELL,rebalance,310.8263917727891,445.8895263671875,138594.2326099908,209.02489267208182
2022-01-07,AAPL,BUY,rebalance_megacap,1475.926917681826,172.1699981689453,254110.33471477707,386.3378078779078
2022-01-07,TSLA,BUY,rebalance_megacap,742.3180920713863,342.32000732421875,254110.33471477707,383.7757887373241
2022-01-07,GOOGL,BUY,rebalance_megacap,1854.5898529689173,137.01699829101562,254110.33471477707,387.68036539207435
2022-01-07,MRNA,BUY,rebalance_momentum,763.848514350499,213.86000061035156,163356.64374521386,247.75690327023722
2022-01-07,NUE,BUY,rebalance_momentum,1427.4435534799393,114.44000244140625,163356.64374521386,250.29111193376718
2022-01-18,MRNA,SELL,trailing_stop,763.848514350499,186.61000061035156,142541.77172916275,216.53413478596335
2022-01-21,NUE,SELL,trailing_stop,1427.4435534799393,93.05000305175781,132823.62700752038,204.42348640930928
2022-01-24,TSLA,SELL,trailing_stop,742.3180920713863,310.0,230118.60854212978,347.78546332226495
2022-04-07,AAPL,SELL,rebalance,1475.926917681826,172.13999938964844,254066.0587089152,386.2719346852142
2022-04-07,GOOGL,SELL,rebalance,1854.5898529689173,135.8885040283203,252017.44070604868,384.54606174429506
2022-04-07,TSLA,BUY,rebalance_megacap,616.5913514864291,352.4200134277344,217299.13237027221,328.11312201247887
2022-04-07,AAPL,BUY,rebalance_megacap,1262.33956744942,172.13999938964844,217299.13237027221,330.3720825542917
2022-04-07,MSFT,BUY,rebalance_megacap,721.037714075602,301.3699951171875,217299.13237027221,328.4818979289592
2022-04-07,MRNA,BUY,rebalance_momentum,878.5679206345237,159.0,139692.29938088928,212.69412989886467
2022-04-07,CF,BUY,rebalance_momentum,1327.747368087428,105.20999908447266,139692.29938088928,214.3251715241911
2022-04-22,MRNA,SELL,trailing_stop,878.5679206345237,140.33999633789062,123298.21876443725,188.0897498914175
2022-04-26,TSLA,SELL,trailing_stop,616.5913514864291,292.1400146484375,180131.00645534525,272.36105641293017
2022-05-09,CF,SELL,trailing_stop,1327.747368087428,90.87999725341797,120665.6771650184,185.80107201691487
2022-05-12,AAPL,SELL,trailing_stop,1262.33956744942,142.55999755859375,179959.1256537056,274.3629124857581
2022-05-12,MSFT,SELL,trailing_stop,721.037714075602,255.35000610351562,184116.98469006992,278.709302404649
2022-07-07,AAPL,BUY,rebalance_megacap,739.2689421367859,146.35000610351562,108192.01419385815,164.8778704900496
2022-07-07,GOOG,BUY,rebalance_megacap,906.8447053396793,119.30599975585938,108192.01419385815,165.4710007812245
2022-07-07,GOOGL,BUY,rebalance_megacap,910.8375508846757,118.78299713134766,108192.01419385815,165.48343997342567
2022-07-07,APA,BUY,rebalance_momentum,2015.4161839302303,34.5099983215332,69552.0091246231,111.45212658955829
2022-07-07,CF,BUY,rebalance_momentum,821.8363627775503,84.62999725341797,69552.0091246231,107.25277976965302
2022-08-04,APA,SELL,trailing_stop,2015.4161839302303,30.68000030517578,61832.969138035674,99.8737846227736
2022-09-12,CF,SELL,trailing_stop,821.8363627775503,99.4800033569336,81756.2841279608,125.5910130323078
2022-09-15,GOOG,SELL,trailing_stop,906.8447053396793,103.9000015258789,94221.16626852789,144.51485472705278
2022-09-15,GOOGL,SELL,trailing_stop,910.8375508846757,102.91000366210938,93734.2956971287,143.79726856839
2022-09-29,AAPL,SELL,trailing_stop,739.2689421367859,142.47999572753906,105331.03571715158,160.58586355775338
2022-10-07,AAPL,BUY,rebalance_megacap,761.0554443889966,140.08999633789062,106616.25441738626,162.5900220003838
2022-10-07,MSFT,BUY,rebalance_megacap,455.1581792910165,234.24000549316406,106616.25441738626,161.52124072420273
2022-10-07,GOOGL,BUY,rebalance_megacap,1080.4241395183114,98.68000030517578,106616.25441738626,163.71437013967912
2022-10-07,IDXX,BUY,rebalance_momentum,205.67465702026394,333.239990234375,68539.02069689118,103.59004114326116
2022-10-07,KLAC,BUY,rebalance_momentum,218.1659660616996,314.1600036621094,68539.02069689118,103.59294404328222
2022-10-14,KLAC,SELL,trailing_stop,218.1659660616996,263.70001220703125,57530.36791362895,87.07766028796155
2022-11-02,GOOGL,SELL,trailing_stop,1080.4241395183114,86.97000122070312,93964.48873278467,144.7371933496482
2022-12-19,AAPL,SELL,trailing_stop,761.0554443889966,132.3699951171875,100740.90545768045,153.77713762481085
2023-01-09,MSFT,SELL,rebalance,455.1581792910165,227.1199951171875,103375.52345812361,156.6592831200622
2023-01-09,IDXX,SELL,rebalance,205.67465702026394,448.0799865722656,92158.6975558952,139.05546618580993
2023-01-09,AAPL,BUY,rebalance_megacap,819.7447119591883,130.14999389648438,106689.7692581637,162.9060317346568
2023-01-09,GOOG,BUY,rebalance_megacap,1201.4613242296703,88.80000305175781,106689.7692581637,164.24960041908355
2023-01-09,GOOGL,BUY,rebalance_megacap,1212.1083086472484,88.0199966430664,106689.7692581637,164.28498098872222
2023-01-09,NVR,BUY,rebalance_momentum,14.39929319388889,4763.169921875,68586.28023739097,103.3154805411091
2023-01-09,MA,BUY,rebalance_momentum,184.8836294355418,370.9700012207031,68586.28023739097,103.53473805712032
2023-02-21,GOOG,SELL,trailing_stop,1201.4613242296703,92.05000305175781,110594.51856191012,170.1085880842329
2023-02-23,GOOGL,SELL,trailing_stop,1212.1083086472484,90.88999938964844,110168.5234331362,169.5041384827655
2023-04-10,AAPL,SELL,rebalance,819.7447119591883,162.02999877929688,132823.23467808234,202.10586729681958
2023-04-10,NVR,SELL,rebalance,14.39929319388889,5479.8701171875,78906.25648181309,118.77372830402149
2023-04-10,MA,SELL,rebalance,184.8836294355418,360.1400146484375,66583.99301317231,100.52700602670343
2023-04-10,GOOGL,BUY,rebalance_megacap,1048.131408806825,106.44000244140625,111563.10971231303,171.01961650234662
2023-04-10,GOOG,BUY,rebalance_megacap,1043.133360408634,106.94999694824219,111563.10971231303,171.00355120699152
2023-04-10,AAPL,BUY,rebalance_megacap,688.5336700167144,162.02999877929688,111563.10971231303,169.75587905125377
2023-04-10,IDXX,BUY,rebalance_momentum,150.2852809489582,477.2200012207031,71719.14195791553,108.15103186332621
2023-04-10,KLAC,BUY,rebalance_momentum,187.4177213821835,382.6700134277344,71719.14195791553,108.26388701107538
2023-07-07,GOOGL,SELL,rebalance,1048.131408806825,119.4800033569336,125230.744242747,191.52067380050838
2023-07-07,GOOG,SELL,rebalance,1043.133360408634,120.13999938964844,125322.0412828152,191.64166021485602
2023-07-07,AAPL,SELL,rebalance,688.5336700167144,190.67999267578125,131289.59515581588,199.34581391333813
2023-07-07,IDXX,SELL,rebalance,150.2852809489582,498.010009765625,74843.57423302036,112.82575813802079
2023-07-07,KLAC,SELL,rebalance,187.4177213821835,455.8299865722656,85430.61742104532,128.83374009584114
2023-07-07,AAPL,BUY,rebalance_megacap,932.7029934489275,190.67999267578125,177847.79995952075,270.0390107872804
2023-07-07,NVDA,BUY,rebalance_megacap,4184.358912432811,42.50299835205078,177847.79995952075,281.4205820130895
2023-07-07,MSFT,BUY,rebalance_megacap,527.3939840926673,337.2200012207031,177847.79995952075,268.62307374909176
2023-07-07,MA,BUY,rebalance_momentum,294.1513087882957,388.67999267578125,114330.72854540624,172.53660955094884
2023-07-07,LNC,BUY,rebalance_momentum,4383.846966252578,26.079999923706055,114330.72854540624,187.1994407276273
2023-09-21,NVDA,SELL,trailing_stop,4184.358912432811,41.016998291015625,171629.8423602526,272.0926556158703
2023-09-26,LNC,SELL,trailing_stop,4383.846966252578,24.0,105212.32719006186,173.43324613475883
2023-10-09,AAPL,SELL,rebalance,932.7029934489275,178.99000549316406,166944.5139209141,253.6841626568038
2023-10-09,MSFT,SELL,rebalance,527.3939840926673,329.82000732421875,173945.08769619244,262.7697132025611
2023-10-09,MA,SELL,rebalance,294.1513087882957,394.739990234375,116113.28475852047,175.21122415817277
2023-10-09,NVDA,BUY,rebalance_megacap,3871.8342026529326,45.27299880981445,175289.5452485051,276.48893677212504
2023-10-09,AAPL,BUY,rebalance_megacap,979.3258833952028,178.99000549316406,175289.5452485051,266.36519014017216
2023-10-09,GOOG,BUY,rebalance_megacap,1256.5558799175994,139.5,175289.5452485051,267.349526864245
2023-10-09,MA,BUY,rebalance_momentum,285.46926842723735,394.739990234375,112686.13623118185,170.03942983219903
2023-10-09,JNJ,BUY,rebalance_momentum,710.7741958068967,158.5399932861328,112686.13623118185,171.52484721957836
2024-01-08,NVDA,SELL,rebalance,3871.8342026529326,52.25299835205078,202314.94621063754,317.02824284721686
2024-01-08,AAPL,SELL,rebalance,979.3258833952028,185.55999755859375,181723.7085318815,276.01702909675066
2024-01-08,GOOG,SELL,rebalance,1256.5558799175994,140.52999877929688,176583.79627093856,269.2850306032371
2024-01-08,MA,SELL,rebalance,285.46926842723735,421.9800109863281,120462.32502718468,181.70393998940148
2024-01-08,JNJ,SELL,rebalance,710.7741958068967,161.52999877929688,114811.35498104374,174.7139710058818
2024-01-08,NVDA,BUY,rebalance_megacap,4203.162541719237,52.25299835205078,219627.84536585686,344.15802672088853
2024-01-08,AAPL,BUY,rebalance_megacap,1183.5947847353555,185.55999755859375,219627.84536585686,333.58993788456615
2024-01-08,GOOGL,BUY,rebalance_megacap,1581.877349170734,138.83999633789062,219627.84536585686,334.992478535115
2024-01-08,MA,BUY,rebalance_momentum,334.5877185835222,421.9800109863281,141189.32916376516,212.97058765540044
2024-01-08,GL,BUY,rebalance_momentum,1164.9284877792472,121.19999694824219,141189.32916376516,216.06431353475278
2024-04-05,GL,SELL,trailing_stop,1164.9284877792472,108.44999694824219,126336.49094457975,193.73610875738387
2024-04-08,NVDA,SELL,rebalance,4203.162541719237,87.13300323486328,366234.17534427845,564.0695366024871
2024-04-08,AAPL,SELL,rebalance,1183.5947847353555,168.4499969482422,199376.53787662598,303.21252794265587
2024-04-08,GOOGL,SELL,rebalance,1581.877349170734,154.85000610351562,244953.7171741013,372.98915065752266
2024-04-08,MA,SELL,rebalance,334.5877185835222,478.8500061035156,160217.33108588096,241.51719073380536
2024-04-08,NVDA,BUY,rebalance_megacap,3159.1974530359785,87.13300323486328,275270.36189495574,423.96680413483733
2024-04-08,GOOGL,BUY,rebalance_megacap,1777.6580629318178,154.85000610351562,275270.36189495574,419.1551339747057
2024-04-08,GOOG,BUY,rebalance_megacap,1762.9714549185867,156.13999938964844,275270.36189495574,419.1112626958604
2024-04-08,GL,BUY,rebalance_momentum,1640.7929611932716,107.8499984741211,176959.51836104298,271.4770818973751
2024-04-08,ITW,BUY,rebalance_momentum,675.3148854775227,262.0400085449219,176959.51836104298,267.854731966606
2024-04-11,GL,SELL,trailing_stop,1640.7929611932716,49.16999816894531,80677.78689749152,127.27049093043851
2024-04-19,NVDA,SELL,trailing_stop,3159.1974530359785,76.19999694824219,240730.83628023605,372.15835740509266
2024-07-08,GOOGL,SELL,rebalance,1777.6580629318178,189.02999877929688,336030.7014660088,510.3003846231835
2024-07-08,GOOG,SELL,rebalance,1762.9714549185867,190.47999572753906,335810.7952006657,509.927212457601
2024-07-08,ITW,SELL,rebalance,675.3148854775227,233.91000366210938,157962.9073351243,239.41347155519168
2024-07-08,AAPL,BUY,rebalance_megacap,1193.8270858897072,227.82000732421875,271977.69545124384,412.1528891412884
2024-07-08,NVDA,BUY,rebalance_megacap,2121.510935456953,128.1999969482422,271977.69545124384,415.3974818174363
2024-07-08,GOOGL,BUY,rebalance_megacap,1438.80705288896,189.02999877929688,271977.69545124384,413.0236777955964
2024-07-08,MA,BUY,rebalance_momentum,391.8133919974889,446.239990234375,174842.8042186568,263.6575030103043
2024-07-08,FTNT,BUY,rebalance_momentum,2908.7140649362605,60.11000061035156,174842.8042186568,272.5782402990403
2024-07-24,NVDA,SELL,trailing_stop,2121.510935456953,114.25,242382.6243759569,371.005701371869
2024-08-05,GOOGL,SELL,trailing_stop,1438.80705288896,159.25,229130.02317256687,348.75505880252734
2024-10-07,AAPL,SELL,rebalance,1193.8270858897072,221.69000244140625,264659.52958550607,401.1762207945428
2024-10-07,MA,SELL,rebalance,391.8133919974889,491.29998779296875,192497.914705488,290.14139961580344
2024-10-07,FTNT,SELL,rebalance,2908.7140649362605,77.4800033569336,225367.1755156214,348.4164332011064
2024-10-07,NVDA,BUY,rebalance_megacap,2128.478031867713,127.72000122070312,271849.2168283841,415.22906738773065
2024-10-07,GOOGL,BUY,rebalance_megacap,1667.9913115401387,162.97999572753906,271849.2168283841,413.63266561817284
2024-10-07,GOOG,BUY,rebalance_megacap,1653.6846391977194,164.38999938964844,271849.2168283841,413.58982916079776
2024-10-07,KLAC,BUY,rebalance_momentum,223.57288195667297,781.6699829101562,174760.21081824694,263.0387378360815
2024-10-07,MA,BUY,rebalance_momentum,355.7097805015415,491.29998779296875,174760.21081824694,263.404406000031
2024-10-16,KLAC,SELL,trailing_stop,223.57288195667297,682.5900268554688,152608.61949895995,229.838192401915
