Date,open,high,low,close,volume,dividends,stock splits
1980-03-17,0.0,0.0737205335522893,0.0717634707689285,0.0717634707689285,3600000.0,0.0,0.0
1980-03-18,0.0,0.0724158327913926,0.0704587697982788,0.0704587697982788,3715200.0,0.0,0.0
1980-03-19,0.0,0.0737205335522893,0.0717634707689285,0.0717634707689285,2016000.0,0.0,0.0
1980-03-20,0.0,0.0750252649212264,0.0730682015419006,0.0730682015419006,3657600.0,0.0,0.0
1980-03-21,0.0,0.0776354397224122,0.0756776258349418,0.0756776258349418,3024000.0,0.0,0.0
1980-03-24,0.0,0.0737205335522893,0.0717634707689285,0.0717634707689285,2649600.0,0.0,0.0
1980-03-25,0.0,0.0717634977328083,0.0698064342141151,0.0698064342141151,4320000.0,0.0,0.0
1980-03-26,0.0,0.0645875954407871,0.0626297816634178,0.0626297816634178,3312000.0,0.0,0.0
1980-03-27,0.0,0.06002038935854,0.0574109703302383,0.0574109703302383,9993600.0,0.0,0.0
1980-03-28,0.0,0.0665446505640937,0.0639344826340675,0.0639344826340675,6134400.0,0.0,0.0
1980-03-31,0.0,0.0737205606385745,0.0711111426353454,0.0711111426353454,6134400.0,0.0,0.0
1980-04-01,0.0,0.0730681871224305,0.0704587697982788,0.0704587697982788,3542400.0,0.0,0.0
1980-04-02,0.0,0.0694802574144345,0.066544659435749,0.066544659435749,4147200.0,0.0,1.5
1980-04-03,0.0,0.071437294986871,0.068501703441143,0.068501703441143,4646400.0,0.0,0.0
1980-04-07,0.0,0.0665446516421044,0.0636083036661148,0.0636083036661148,940800.0,0.0,0.0
1980-04-08,0.0,0.0694802574144345,0.066544659435749,0.066544659435749,1152000.0,0.0,0.0
1980-04-09,0.0,0.0685017456905076,0.0655661523342132,0.0655661523342132,2400000.0,0.0,0.0
1980-04-10,0.0,0.0685017456905076,0.0655661523342132,0.0655661523342132,1152000.0,0.0,0.0
1980-04-11,0.0,0.0685017456905076,0.0655661523342132,0.0655661523342132,1056000.0,0.0,0.0
1980-04-14,0.0,0.0685017456905076,0.0655661523342132,0.0655661523342132,326400.0,0.0,0.0
1980-04-15,0.0,0.0675231675576234,0.0645875707268714,0.0645875707268714,1094400.0,0.0,0.0
1980-04-16,0.0,0.0675231675576234,0.0645875707268714,0.0645875707268714,960000.0,0.0,0.0
1980-04-17,0.0,0.0675231675576234,0.0645875707268714,0.0645875707268714,979200.0,0.0,0.0
1980-04-18,0.0,0.0685017456905076,0.0655661523342132,0.0655661523342132,576000.0,0.0,0.0
1980-04-21,0.0,0.0665446516421044,0.0636083036661148,0.0636083036661148,3494400.0,0.0,0.0
1980-04-22,0.0,0.0733943614881695,0.0704587697982788,0.0704587697982788,4051200.0,0.0,0.0
1980-04-23,0.0,0.0743729198423437,0.0714373216032981,0.0714373216032981,1747200.0,0.0,0.0
1980-04-24,0.0,0.0763307211526881,0.0733943730592727,0.0733943730592727,1056000.0,0.0,0.0
1980-04-25,0.0,0.0753514124764518,0.0724158212542533,0.0724158212542533,2073600.0,0.0,0.0
1980-04-28,0.0,0.0753514124764518,0.0724158212542533,0.0724158212542533,1075200.0,0.0,0.0
1980-04-29,0.0,0.0763307211526881,0.0733943730592727,0.0733943730592727,902400.0,0.0,0.0
1980-04-30,0.0,0.0763307211526881,0.0733943730592727,0.0733943730592727,96000.0,0.0,0.0
1980-05-01,0.0,0.0753514124764518,0.0724158212542533,0.0724158212542533,844800.0,0.0,0.0
1980-05-02,0.0,0.0753514124764518,0.0724158212542533,0.0724158212542533,1171200.0,0.0,0.0
1980-05-05,0.0,0.0753514124764518,0.0724158212542533,0.0724158212542533,633600.0,0.0,0.0
1980-05-06,0.0,0.0753514124764518,0.0724158212542533,0.0724158212542533,192000.0,0.0,0.0
1980-05-07,0.0,0.0753514124764518,0.0724158212542533,0.0724158212542533,10272000.0,0.0,0.0
1980-05-08,0.0,0.0733943614881695,0.0704587697982788,0.0704587697982788,13056000.0,0.0,0.0
1980-05-09,0.0,0.0733943614881695,0.0704587697982788,0.0704587697982788,5625600.0,0.0,0.0
1980-05-12,0.0,0.0743729198423437,0.0714373216032981,0.0714373216032981,2841600.0,0.0,0.0
1980-05-13,0.0,0.0753514124764518,0.0724158212542533,0.0724158212542533,1632000.0,0.0,0.0
1980-05-14,0.0,0.0763307211526881,0.0733943730592727,0.0733943730592727,3398400.0,0.0,0.0
1980-05-15,0.0,0.0773092504086639,0.0743729025125503,0.0743729025125503,3340800.0,0.0,0.0
1980-05-16,0.0,0.0773092504086639,0.0743729025125503,0.0743729025125503,2880000.0,0.0,0.0
1980-05-19,0.0,0.0753514124764518,0.0724158212542533,0.0724158212542533,2457600.0,0.0,0.0
1980-05-20,0.0,0.0743729198423437,0.0714373216032981,0.0714373216032981,1593600.0,0.0,0.0
1980-05-21,0.0,0.0733943614881695,0.0704587697982788,0.0704587697982788,1574400.0,0.0,0.0
1980-05-22,0.0,0.0773092504086639,0.0743729025125503,0.0743729025125503,2841600.0,0.0,0.0
1980-05-23,0.0,0.080244842803119,0.077309250831604,0.077309250831604,4070400.0,0.0,0.0
1980-05-27,0.0,0.0822018938248676,0.0792663022875785,0.0792663022875785,4992000.0,0.0,0.0
1980-05-28,0.0,0.0831804387539705,0.0802448466420173,0.0802448466420173,3168000.0,0.0,0.0
1980-05-29,0.0,0.0851375052211937,0.0822019129991531,0.0822019129991531,5203200.0,0.0,0.0
1980-05-30,0.0,0.0851375052211937,0.0822019129991531,0.0822019129991531,2323200.0,0.0,0.0
1980-06-02,0.0,0.0831804387539705,0.0802448466420173,0.0802448466420173,1516800.0,0.0,0.0
1980-06-03,0.0,0.080244842803119,0.077309250831604,0.077309250831604,2438400.0,0.0,0.0
1980-06-04,0.0,0.0831804387539705,0.0802448466420173,0.0802448466420173,2592000.0,0.0,0.0
1980-06-05,0.0,0.0851375052211937,0.0822019129991531,0.0822019129991531,3148800.0,0.0,0.0
1980-06-06,0.0,0.0831804387539705,0.0802448466420173,0.0802448466420173,2707200.0,0.0,0.0
1980-06-09,0.0,0.0841589911867075,0.0812233984470367,0.0812233984470367,2956800.0,0.0,0.0
1980-06-10,0.0,0.0831804387539705,0.0802448466420173,0.0802448466420173,883200.0,0.0,0.0
1980-06-11,0.0,0.0841589911867075,0.0812233984470367,0.0812233984470367,4108800.0,0.0,0.0
1980-06-12,0.0,0.0851375052211937,0.0822019129991531,0.0822019129991531,2707200.0,0.0,0.0
1980-06-13,0.0,0.0861160480079963,0.0831804499030113,0.0831804499030113,1382400.0,0.0,0.0
1980-06-16,0.0,0.0851375052211937,0.0822019129991531,0.0822019129991531,2457600.0,0.0,0.0
1980-06-17,0.0,0.0851375052211937,0.0822019129991531,0.0822019129991531,2323200.0,0.0,0.0
1980-06-18,0.0,0.0831804387539705,0.0802448466420173,0.0802448466420173,3417600.0,0.0,0.0
1980-06-19,0.0,0.0812233624208861,0.0782877653837204,0.0782877653837204,2092800.0,0.0,0.0
1980-06-20,0.0,0.080244842803119,0.077309250831604,0.077309250831604,2150400.0,0.0,0.0
1980-06-23,0.0,0.0782877721470517,0.0753514245152473,0.0753514245152473,1209600.0,0.0,0.0
1980-06-24,0.0,0.0792663500877588,0.0763307511806488,0.0763307511806488,2438400.0,0.0,0.0
1980-06-25,0.0,0.080244842803119,0.077309250831604,0.077309250831604,3705600.0,0.0,0.0
1980-06-26,0.0,0.0831804387539705,0.0802448466420173,0.0802448466420173,7180800.0,0.0,0.0
1980-06-27,0.0,0.0822018938248676,0.0792663022875785,0.0792663022875785,1324800.0,0.0,0.0
1980-06-30,0.0,0.080244842803119,0.077309250831604,0.077309250831604,1785600.0,0.0,0.0
1980-07-01,0.0,0.0792663500877588,0.0763307511806488,0.0763307511806488,8121600.0,0.0,0.0
1980-07-02,0.0,0.0792663500877588,0.0763307511806488,0.0763307511806488,3244800.0,0.0,0.0
1980-07-03,0.0,0.0792663500877588,0.0763307511806488,0.0763307511806488,3417600.0,0.0,0.0
1980-07-07,0.0,0.0802448309334884,0.0792663022875785,0.0792663022875785,9600000.0,0.0,0.0
1980-07-08,0.0,0.0831804565404426,0.0812233984470367,0.0812233984470367,5222400.0,0.0,0.0
1980-07-09,0.0,0.0861160275264697,0.0841589644551277,0.0841589644551277,7814400.0,0.0,0.0
1980-07-10,0.0,0.0880738600557725,0.0870945751667022,0.0870945751667022,6028800.0,0.0,0.0
1980-07-11,0.0,0.0910094499017411,0.0890523865818977,0.0890523865818977,4665600.0,0.0,0.0
1980-07-14,0.0,0.0978591387225613,0.095902070403099,0.095902070403099,8140800.0,0.0,0.0
1980-07-15,0.0,0.0978591640719088,0.096880629658699,0.096880629658699,9638400.0,0.0,0.0
1980-07-16,0.0,0.0968806045628302,0.095902070403099,0.095902070403099,3187200.0,0.0,0.0
1980-07-17,0.0,0.1017740127119075,0.0998169556260109,0.0998169556260109,3436800.0,0.0,0.0
1980-07-18,0.0,0.1017740418537297,0.1007955074310302,0.1007955074310302,5664000.0,0.0,0.0
1980-07-21,0.0,0.1027525863036599,0.101774051785469,0.101774051785469,3571200.0,0.0,0.0
1980-07-22,0.0,0.1027525863036599,0.101774051785469,0.101774051785469,3648000.0,0.0,0.0
1980-07-23,0.0,0.1017740418537297,0.1007955074310302,0.1007955074310302,4300800.0,0.0,0.0
1980-07-24,0.0,0.1027525863036599,0.101774051785469,0.101774051785469,4166400.0,0.0,0.0
1980-07-25,0.0,0.1027525863036599,0.101774051785469,0.101774051785469,2937600.0,0.0,0.0
1980-07-28,0.0,0.1037311307517713,0.1027525961399078,0.1027525961399078,1900800.0,0.0,0.0
1980-07-29,0.0,0.1047096541645113,0.1027525961399078,0.1027525961399078,2476800.0,0.0,0.0
1980-07-30,0.0,0.112538632215416,0.1105808243155479,0.1105808243155479,4665600.0,0.0,0.0
1980-07-31,0.0,0.1115601090355891,0.1105808243155479,0.1105808243155479,6643200.0,0.0,0.0
1980-08-01,0.0,0.118409776763162,0.1164527088403701,0.1164527088403701,7046400.0,0.0,0.0
1980-08-04,0.0,0.1164528072847038,0.1154742836952209,0.1154742836952209,4684800.0,0.0,0.0
1980-08-05,0.0,0.1252603284662479,0.1242817938327789,0.1242817938327789,11865600.0,0.0,0.0
1980-08-06,0.0,0.1321100045110269,0.1311314702033996,0.1311314702033996,10444800.0,0.0,0.0
1980-08-07,0.0,0.1272173422424945,0.1262388080358505,0.1262388080358505,10387200.0,0.0,0.0
1980-08-08,0.0,0.124281810295204,0.1233032867312431,0.1233032867312431,6624000.0,0.0,0.0
1980-08-11,0.0,0.1262388630997169,0.1242817938327789,0.1242817938327789,2515200.0,0.0,0.0
1980-08-12,0.0,0.1213454131373797,0.1203668788075447,0.1203668788075447,4742400.0,0.0,0.0
1980-08-13,0.0,0.1223239474672148,0.1203668788075447,0.1203668788075447,8179200.0,0.0,0.0
1980-08-14,0.0,0.1223239350406702,0.1213454008102417,0.1213454008102417,4396800.0,0.0,0.0
1980-08-15,0.0,0.1203669062590133,0.1193883717060089,0.1193883717060089,3052800.0,0.0,0.0
1980-08-18,0.0,0.1184098323187981,0.1174312978982925,0.1174312978982925,4780800.0,0.0,0.0
1980-08-19,0.0,0.1193883805805108,0.1184098571538925,0.1184098571538925,6355200.0,0.0,0.0
1980-08-20,0.0,0.1233032298171381,0.1223239451646804,0.1223239451646804,3513600.0,0.0,0.0
1980-08-21,0.0,0.1233032298171381,0.1223239451646804,0.1223239451646804,3244800.0,0.0,0.0
1980-08-22,0.0,0.1281958652500197,0.1262388080358505,0.1262388080358505,8966400.0,0.0,0.0
1980-08-25,0.0,0.124281810295204,0.1233032867312431,0.1233032867312431,4089600.0,0.0,0.0
1980-08-26,0.0,0.1262388630997169,0.1242817938327789,0.1242817938327789,6739200.0,0.0,0.0
1980-08-27,0.0,0.1242817529294339,0.1223239451646804,0.1223239451646804,2553600.0,0.0,0.0
1980-08-28,0.0,0.1223239350406702,0.1213454008102417,0.1213454008102417,2380800.0,0.0,0.0
1980-08-29,0.0,0.1213454131373797,0.1203668788075447,0.1203668788075447,2496000.0,0.0,0.0
1980-09-02,0.0,0.1223239350406702,0.1213454008102417,0.1213454008102417,1574400.0,0.0,0.0
1980-09-03,0.0,0.1281959055074228,0.1272173821926117,0.1272173821926117,4550400.0,0.0,0.0
1980-09-04,0.0,0.1321100045110269,0.1311314702033996,0.1311314702033996,7123200.0,0.0,0.0
1980-09-05,0.0,0.1330885489398821,0.1321100145578384,0.1321100145578384,4032000.0,0.0,0.0
1980-09-08,0.0,0.1340670833219257,0.1321100145578384,0.1321100145578384,3897600.0,0.0,0.0
1980-09-09,0.0,0.1330885489398821,0.1321100145578384,0.1321100145578384,9369600.0,0.0,0.0
1980-09-10,0.0,0.1340670633461988,0.1330885291099548,0.1330885291099548,2246400.0,0.0,0.0
1980-09-11,0.0,0.139939048794839,0.138960525393486,0.138960525393486,5817600.0,0.0,0.0
1980-09-12,0.0,0.1409175444734823,0.13993901014328,0.13993901014328,960000.0,0.0,0.0
1980-09-15,0.0,0.1360248661077387,0.1340670585632324,0.1340670585632324,4377600.0,0.0,0.0
1980-09-16,0.0,0.1360248860223671,0.1350463628768921,0.1350463628768921,2284800.0,0.0,0.0
1980-09-17,0.0,0.1399390237900211,0.137981966137886,0.137981966137886,3820800.0,0.0,0.0
1980-09-18,0.0,0.1399390237900211,0.137981966137886,0.137981966137886,2304000.0,0.0,0.0
1980-09-19,0.0,0.1438531778194655,0.1428746432065963,0.1428746432065963,2956800.0,0.0,0.0
1980-09-22,0.0,0.1428745969901115,0.1409175395965576,0.1409175395965576,2073600.0,0.0,0.0
1980-09-23,0.0,0.1389605005635142,0.137981966137886,0.137981966137886,3321600.0,0.0,0.0
1980-09-24,0.0,0.1379819762256675,0.1360249072313308,0.1360249072313308,2342400.0,0.0,0.0
1980-09-25,0.0,0.1350463431055236,0.1340670585632324,0.1340670585632324,2227200.0,0.0,0.0
1980-09-26,0.0,0.1272173773380819,0.1252603083848953,0.1252603083848953,4684800.0,0.0,0.0
1980-09-29,0.0,0.1193883555401825,0.1174312978982925,0.1174312978982925,5068800.0,0.0,0.0
1980-09-30,0.0,0.124281810295204,0.1233032867312431,0.1233032867312431,7200000.0,0.0,0.0
1980-10-01,0.0,0.1330885489398821,0.1321100145578384,0.1321100145578384,4608000.0,0.0,0.0
1980-10-02,0.0,0.1330885388186541,0.1311314702033996,0.1311314702033996,1516800.0,0.0,0.0
1980-10-03,0.0,0.1370034203669627,0.1350463628768921,0.1350463628768921,1728000.0,0.0,0.0
1980-10-06,0.0,0.1458102470452037,0.1428746432065963,0.1428746432065963,3379200.0,0.0,0.0
1980-10-07,0.0,0.1438531263765927,0.1418960690498352,0.1418960690498352,2419200.0,0.0,0.0
1980-10-08,0.0,0.1507035538603452,0.1497250199317932,0.1497250199317932,8044800.0,0.0,0.0
1980-10-09,0.0,0.1516821470750235,0.1507036238908767,0.1507036238908767,1958400.0,0.0,0.0
1980-10-10,0.0,0.1526606727705736,0.1516821384429931,0.1516821384429931,3052800.0,0.0,0.0
1980-10-13,0.0,0.1634253203412145,0.1624467968940735,0.1624467968940735,4339200.0,0.0,0.0
1980-10-14,0.0,0.1614682629339253,0.1595111936330795,0.1595111936330795,4454400.0,0.0,0.0
1980-10-15,0.0,0.1624467871270658,0.1614682525396347,0.1614682525396347,3187200.0,0.0,0.0
1980-10-16,0.0,0.1575533248068922,0.1555962562561035,0.1555962562561035,3552000.0,0.0,0.0
1980-10-17,0.0,0.1565748105044226,0.1546177417039871,0.1546177417039871,4416000.0,0.0,0.0
1980-10-20,0.0,0.1546177252898246,0.1526606678962707,0.1526606678962707,1459200.0,0.0,0.0
1980-10-21,0.0,0.1536392021926076,0.1526606678962707,0.1526606678962707,883200.0,0.0,0.0
1980-10-22,0.0,0.1546177252898246,0.1526606678962707,0.1526606678962707,787200.0,0.0,0.0
1980-10-23,0.0,0.1516821470750235,0.1507036238908767,0.1507036238908767,1382400.0,0.0,0.0
1980-10-24,0.0,0.1487465486589545,0.1467894911766052,0.1467894911766052,3148800.0,0.0,0.0
1980-10-27,0.0,0.1409175833953153,0.138960525393486,0.138960525393486,2188800.0,0.0,0.0
1980-10-28,0.0,0.1409175833953153,0.138960525393486,0.138960525393486,1824000.0,0.0,0.0
1980-10-29,0.0,0.1409175444734823,0.13993901014328,0.13993901014328,1939200.0,0.0,0.0
1980-10-30,0.0,0.1370034203669627,0.1350463628768921,0.1350463628768921,3744000.0,0.0,0.0
1980-10-31,0.0,0.1379819762256675,0.1360249072313308,0.1360249072313308,1190400.0,0.0,0.0
1980-11-03,0.0,0.1409175833953153,0.138960525393486,0.138960525393486,2438400.0,0.0,0.0
1980-11-05,0.0,0.1477680143182196,0.1467894911766052,0.1467894911766052,2457600.0,0.0,0.0
1980-11-06,0.0,0.1467894611302951,0.1448316425085067,0.1448316425085067,1036800.0,0.0,0.0
1980-11-07,0.0,0.1458101766489456,0.1448316425085067,0.1448316425085067,1094400.0,0.0,0.0
1980-11-10,0.0,0.1448317124323346,0.1428746432065963,0.1428746432065963,1075200.0,0.0,0.0
1980-11-11,0.0,0.1448317124323346,0.1428746432065963,0.1428746432065963,806400.0,0.0,0.0
1980-11-12,0.0,0.1555962761042048,0.1546177417039871,0.1546177417039871,3494400.0,0.0,0.0
1980-11-13,0.0,0.1585325894534019,0.1565747708082199,0.1565747708082199,2438400.0,0.0,0.0
1980-11-14,0.0,0.1585326297066837,0.157553344964981,0.157553344964981,1209600.0,0.0,0.0
1980-11-17,0.0,0.1595111529081551,0.157553344964981,0.157553344964981,1017600.0,0.0,0.0
1980-11-18,0.0,0.1634253203412145,0.1624467968940735,0.1624467968940735,2169600.0,0.0,0.0
1980-11-19,0.0,0.1634253105153738,0.1614682525396347,0.1614682525396347,1536000.0,0.0,0.0
1980-11-20,0.0,0.1634253203412145,0.1624467968940735,0.1624467968940735,1920000.0,0.0,0.0
1980-11-21,0.0,0.1634253203412145,0.1624467968940735,0.1624467968940735,614400.0,0.0,0.0
1980-11-24,0.0,0.1624467871270658,0.1614682525396347,0.1614682525396347,1420800.0,0.0,0.0
1980-11-25,0.0,0.1702757479222177,0.1683179289102554,0.1683179289102554,1420800.0,0.0,0.0
1980-11-26,0.0,0.1751684387756167,0.1732113808393478,0.1732113808393478,2092800.0,0.0,0.0
1980-11-28,0.0,0.1781039620359542,0.1771254390478134,0.1771254390478134,844800.0,0.0,0.0
1980-12-01,0.0,0.1722328565589354,0.1712543219327926,0.1712543219327926,2265600.0,0.0,0.0
1980-12-02,0.0,0.1722328504634144,0.170275792479515,0.170275792479515,2784000.0,0.0,0.0
1980-12-03,0.0,0.1683179787858697,0.1673394441604614,0.1673394441604614,2112000.0,0.0,0.0
1980-12-04,0.0,0.1702758029612277,0.1692965179681778,0.1692965179681778,1344000.0,0.0,0.0
1980-12-05,0.0,0.1644038549874794,0.1624467968940735,0.1624467968940735,2707200.0,0.0,0.0
1980-12-08,0.0,0.1526606727705736,0.1516821384429931,0.1516821384429931,4262400.0,0.0,0.0
1980-12-09,0.0,0.1536392070981541,0.1516821384429931,0.1516821384429931,2304000.0,0.0,0.0
1980-12-10,0.0,0.1477680397264817,0.1458102315664291,0.1458102315664291,1728000.0,0.0,0.0
1980-12-11,0.0,0.1448317124323346,0.1428746432065963,0.1428746432065963,2553600.0,0.0,0.0
1980-12-12,0.0,0.1477680397264817,0.1458102315664291,0.1458102315664291,2899200.0,0.0,0.0
1980-12-15,0.0,0.1526606727705736,0.1516821384429931,0.1516821384429931,2016000.0,0.0,0.0
1980-12-16,0.0,0.1546177252898246,0.1526606678962707,0.1526606678962707,1612800.0,0.0,0.0
1980-12-17,0.0,0.1546177252898246,0.1526606678962707,0.1526606678962707,1363200.0,0.0,0.0
1980-12-18,0.0,0.1555962761042048,0.1546177417039871,0.1546177417039871,2188800.0,0.0,0.0
1980-12-19,0.0,0.1546177504080525,0.1536392271518707,0.1536392271518707,1036800.0,0.0,0.0
1980-12-22,0.0,0.1546177504080525,0.1536392271518707,0.1536392271518707,1190400.0,0.0,0.0
1980-12-23,0.0,0.1575533248068922,0.1555962562561035,0.1555962562561035,10483200.0,0.0,0.0
1980-12-24,0.0,0.1585325894534019,0.1565747708082199,0.1565747708082199,556800.0,0.0,0.0
1980-12-26,0.0,0.1624467621580845,0.1604896932840347,0.1604896932840347,1190400.0,0.0,0.0
1980-12-29,0.0,0.1624467621580845,0.1604896932840347,0.1604896932840347,1804800.0,0.0,0.0
1980-12-30,0.0,0.1634253105153738,0.1614682525396347,0.1614682525396347,1171200.0,0.0,0.0
1980-12-31,0.0,0.1634253203412145,0.1624467968940735,0.1624467968940735,960000.0,0.0,0.0
1981-01-02,0.0,0.1644038549874794,0.1624467968940735,0.1624467968940735,1113600.0,0.0,0.0
1981-01-05,0.0,0.1722328504634144,0.170275792479515,0.170275792479515,3283200.0,0.0,0.0
1981-01-06,0.0,0.1869115469372746,0.1859330236911773,0.1859330236911773,12364800.0,0.0,0.0
1981-01-07,0.0,0.1771255390274242,0.1751684695482254,0.1751684695482254,10848000.0,0.0,0.0
1981-01-08,0.0,0.1751684036627289,0.174189880490303,0.174189880490303,5126400.0,0.0,0.0
1981-01-09,0.0,0.1790824962232136,0.1771254390478134,0.1771254390478134,4953600.0,0.0,0.0
1981-01-12,0.0,0.1761469380342755,0.174189880490303,0.174189880490303,3475200.0,0.0,0.0
1981-01-13,0.0,0.1722328565589354,0.1712543219327926,0.1712543219327926,6220800.0,0.0,0.0
1981-01-14,0.0,0.1653823504729844,0.1634252816438675,0.1634252816438675,2438400.0,0.0,0.0
1981-01-15,0.0,0.1673393980629994,0.1653823405504226,0.1653823405504226,1804800.0,0.0,0.0
1981-01-16,0.0,0.1673393980629994,0.1653823405504226,0.1653823405504226,4128000.0,0.0,0.0
1981-01-19,0.0,0.169296513411278,0.1673394441604614,0.1673394441604614,3283200.0,0.0,0.0
1981-01-20,0.0,0.1624467871270658,0.1614682525396347,0.1614682525396347,1536000.0,0.0,0.0
1981-01-21,0.0,0.1624467871270658,0.1614682525396347,0.1614682525396347,1497600.0,0.0,0.0
1981-01-22,0.0,0.1546177504080525,0.1536392271518707,0.1536392271518707,2860800.0,0.0,0.0
1981-01-23,0.0,0.1555962848633559,0.1536392271518707,0.1536392271518707,3283200.0,0.0,0.0
1981-01-26,0.0,0.1555962848633559,0.1536392271518707,0.1536392271518707,2016000.0,0.0,0.0
1981-01-27,0.0,0.1555962848633559,0.1536392271518707,0.1536392271518707,1824000.0,0.0,0.0
1981-01-28,0.0,0.150703648977802,0.1487465798854828,0.1487465798854828,1996800.0,0.0,0.0
1981-01-29,0.0,0.1467895164166132,0.1458102315664291,0.1458102315664291,2246400.0,0.0,0.0
1981-01-30,0.0,0.1360248661077387,0.1340670585632324,0.1340670585632324,12134400.0,0.0,0.0
1981-02-02,0.0,0.1252603450582902,0.1233032867312431,0.1233032867312431,9254400.0,0.0,0.0
1981-02-03,0.0,0.1291744400213564,0.1272173821926117,0.1272173821926117,4358400.0,0.0,0.0
1981-02-04,0.0,0.1311315140711622,0.129174456000328,0.129174456000328,2553600.0,0.0,0.0
1981-02-05,0.0,0.1360248860223671,0.1350463628768921,0.1350463628768921,3091200.0,0.0,0.0
1981-02-06,0.0,0.1409175168215994,0.1394497156143188,0.1394497156143188,1856000.0,0.0,1.5
1981-02-09,0.0,0.1453209405249709,0.1423853486776352,0.1423853486776352,1920000.0,0.0,0.0
1981-02-10,0.0,0.148257281488587,0.1467894911766052,0.1467894911766052,1817600.0,0.0,0.0
1981-02-11,0.0,0.148257281488587,0.1467894911766052,0.1467894911766052,3148800.0,0.0,0.0
1981-02-12,0.0,0.1438531390017428,0.1423853486776352,0.1423853486776352,1587200.0,0.0,0.0
1981-02-13,0.0,0.1409175168215994,0.1394497156143188,0.1394497156143188,1228800.0,0.0,0.0
1981-02-17,0.0,0.1409175168215994,0.1394497156143188,0.1394497156143188,652800.0,0.0,0.0
1981-02-18,0.0,0.1365141531946649,0.1350463628768921,0.1350463628768921,3136000.0,0.0,0.0
1981-02-19,0.0,0.1291743994566637,0.1262388080358505,0.1262388080358505,1740800.0,0.0,0.0
1981-02-20,0.0,0.1321100559148416,0.1306422650814056,0.1306422650814056,9113600.0,0.0,0.0
1981-02-23,0.0,0.1291744337173576,0.1277066320180893,0.1277066320180893,2547200.0,0.0,0.0
1981-02-24,0.0,0.1262388529409225,0.1247710511088371,0.1247710511088371,1574400.0,0.0,0.0
1981-02-25,0.0,0.1233032322754863,0.1218346804380416,0.1218346804380416,5977600.0,0.0,0.0
1981-02-26,0.0,0.123303197203713,0.1188990548253059,0.1188990548253059,2227200.0,0.0,0.0
1981-02-27,0.0,0.1218346803022973,0.1203668788075447,0.1203668788075447,2611200.0,0.0,0.0
1981-03-02,0.0,0.1321100487061412,0.129174456000328,0.129174456000328,3545600.0,0.0,0.0
1981-03-03,0.0,0.1321100559148416,0.1306422650814056,0.1306422650814056,2905600.0,0.0,0.0
1981-03-04,0.0,0.1335778161309039,0.1321100145578384,0.1321100145578384,5452800.0,0.0,0.0
1981-03-05,0.0,0.1247710776767471,0.1233032867312431,0.1233032867312431,1907200.0,0.0,0.0
1981-03-06,0.0,0.117431309337395,0.1144957169890403,0.1144957169890403,2009600.0,0.0,0.0
1981-03-09,0.0,0.1247710225727541,0.1218346804380416,0.1218346804380416,2611200.0,0.0,0.0
1981-03-10,0.0,0.1188990918901278,0.1159634888172149,0.1159634888172149,4416000.0,0.0,0.0
1981-03-11,0.0,0.1115600964313436,0.1100915446877479,0.1100915446877479,6502400.0,0.0,0.0
1981-03-12,0.0,0.1144956752027054,0.111560083925724,0.111560083925724,7488000.0,0.0,0.0
1981-03-13,0.0,0.1130278739646556,0.111560083925724,0.111560083925724,3315200.0,0.0,0.0
1981-03-16,0.0,0.1115601115012469,0.1086237579584121,0.1086237579584121,2099200.0,0.0,0.0
1981-03-17,0.0,0.1130278739646556,0.111560083925724,0.111560083925724,3763200.0,0.0,0.0
1981-03-18,0.0,0.1203668447050825,0.1188990548253059,0.1188990548253059,4723200.0,0.0,0.0
1981-03-19,0.0,0.1247710225727541,0.1218346804380416,0.1218346804380416,2790400.0,0.0,0.0
1981-03-20,0.0,0.1262388529409225,0.1247710511088371,0.1247710511088371,1894400.0,0.0,0.0
1981-03-23,0.0,0.127706643573885,0.1247710511088371,0.1247710511088371,3353600.0,0.0,0.0
1981-03-24,0.0,0.127706643573885,0.1247710511088371,0.1247710511088371,5376000.0,0.0,0.0
1981-03-25,0.0,0.1291743994566637,0.1262388080358505,0.1262388080358505,1907200.0,0.0,0.0
1981-03-26,0.0,0.1291744337173576,0.1277066320180893,0.1277066320180893,2905600.0,0.0,0.0
1981-03-27,0.0,0.1350464103212931,0.1306422650814056,0.1306422650814056,4902400.0,0.0,0.0
1981-03-30,0.0,0.1350463455056517,0.1335777938365936,0.1335777938365936,1036800.0,0.0,0.0
1981-03-31,0.0,0.1379819435538489,0.1365141421556472,0.1365141421556472,1382400.0,0.0,0.0
1981-04-01,0.0,0.1409175582156494,0.137981966137886,0.137981966137886,1126400.0,0.0,0.0
1981-04-02,0.0,0.1409175582156494,0.137981966137886,0.137981966137886,2393600.0,0.0,0.0
1981-04-03,0.0,0.1350463680450652,0.1321100145578384,0.1321100145578384,1420800.0,0.0,0.0
1981-04-06,0.0,0.1291744337173576,0.1277066320180893,0.1277066320180893,2291200.0,0.0,0.0
1981-04-07,0.0,0.1291743994566637,0.1262388080358505,0.1262388080358505,921600.0,0.0,0.0
1981-04-08,0.0,0.1277065981466977,0.1262388080358505,0.1262388080358505,921600.0,0.0,0.0
1981-04-09,0.0,0.1350463680450652,0.1321100145578384,0.1321100145578384,2585600.0,0.0,0.0
1981-04-10,0.0,0.1438531312864484,0.1409175395965576,0.1409175395965576,3827200.0,0.0,0.0
1981-04-13,0.0,0.1467895267344358,0.1438531726598739,0.1438531726598739,2291200.0,0.0,0.0
1981-04-14,0.0,0.1453209745265319,0.1438531726598739,0.1438531726598739,4838400.0,0.0,0.0
1981-04-15,0.0,0.1438531390017428,0.1423853486776352,0.1423853486776352,3174400.0,0.0,0.0
1981-04-16,0.0,0.1453209745265319,0.1438531726598739,0.1438531726598739,2572800.0,0.0,0.0
1981-04-20,0.0,0.1453209745265319,0.1438531726598739,0.1438531726598739,3929600.0,0.0,0.0
1981-04-21,0.0,0.1467895039182692,0.1453209519386291,0.1453209519386291,3417600.0,0.0,0.0
1981-04-22,0.0,0.1511928096255056,0.1497250199317932,0.1497250199317932,4774400.0,0.0,0.0
1981-04-23,0.0,0.15412846155593,0.1511928588151931,0.1511928588151931,4339200.0,0.0,0.0
1981-04-24,0.0,0.1585326322034699,0.1570640802383422,0.1570640802383422,3033600.0,0.0,0.0
1981-04-27,0.0,0.160000394744242,0.1585326045751571,0.1585326045751571,2624000.0,0.0,0.0
1981-04-28,0.0,0.155596267295458,0.1541284769773483,0.1541284769773483,2892800.0,0.0,0.0
1981-04-29,0.0,0.1585326322034699,0.1570640802383422,0.1570640802383422,3174400.0,0.0,0.0
1981-04-30,0.0,0.1673394182203468,0.1644038259983062,0.1644038259983062,4492800.0,0.0,0.0
1981-05-01,0.0,0.1644038451028049,0.1614682525396347,0.1614682525396347,5401600.0,0.0,0.0
1981-05-04,0.0,0.157064057669195,0.1555962562561035,0.1555962562561035,2457600.0,0.0,0.0
1981-05-05,0.0,0.1629360207150685,0.1600004285573959,0.1600004285573959,3468800.0,0.0,0.0
1981-05-06,0.0,0.1585326322034699,0.1570640802383422,0.1570640802383422,2739200.0,0.0,0.0
1981-05-07,0.0,0.1673393955900226,0.1658716052770614,0.1658716052770614,6579200.0,0.0,0.0
1981-05-08,0.0,0.1688072460985739,0.1673394441604614,0.1673394441604614,2572800.0,0.0,0.0
1981-05-11,0.0,0.1629360432216582,0.1614682525396347,0.1614682525396347,3788800.0,0.0,0.0
1981-05-12,0.0,0.1629360432216582,0.1614682525396347,0.1614682525396347,1600000.0,0.0,0.0
1981-05-13,0.0,0.1658716657144997,0.1629360616207122,0.1629360616207122,3430400.0,0.0,0.0
1981-05-14,0.0,0.1673394182203468,0.1644038259983062,0.1644038259983062,1792000.0,0.0,0.0
1981-05-15,0.0,0.1688072460985739,0.1673394441604614,0.1673394441604614,3072000.0,0.0,0.0
1981-05-18,0.0,0.1658716277088875,0.1644038259983062,0.1644038259983062,4147200.0,0.0,0.0
1981-05-19,0.0,0.1644038451028049,0.1614682525396347,0.1614682525396347,3136000.0,0.0,0.0
1981-05-20,0.0,0.1644038451028049,0.1614682525396347,0.1614682525396347,2688000.0,0.0,0.0
1981-05-21,0.0,0.1629360432216582,0.1614682525396347,0.1614682525396347,2483200.0,0.0,0.0
1981-05-22,0.0,0.1629360207150685,0.1600004285573959,0.1600004285573959,1676800.0,0.0,0.0
1981-05-26,0.0,0.1629360432216582,0.1614682525396347,0.1614682525396347,6310400.0,0.0,0.0
1981-05-27,0.0,0.1717435357427255,0.1688071936368942,0.1688071936368942,4070400.0,0.0,0.0
1981-05-28,0.0,0.1908257162203313,0.1878901124000549,0.1878901124000549,5299200.0,0.0,0.0
1981-05-29,0.0,0.1937620434844103,0.1908257007598877,0.1908257007598877,4787200.0,0.0,0.0
1981-06-01,0.0,0.1908256633801877,0.1893578618764877,0.1893578618764877,3763200.0,0.0,0.0
1981-06-02,0.0,0.1849544830145358,0.1820188909769058,0.1820188909769058,3430400.0,0.0,0.0
1981-06-03,0.0,0.1790825990067824,0.1776148080825805,0.1776148080825805,6745600.0,0.0,0.0
1981-06-04,0.0,0.1820188508854785,0.1790824979543686,0.1790824979543686,2816000.0,0.0,0.0
1981-06-05,0.0,0.1820188587348074,0.1805503070354461,0.1805503070354461,640000.0,0.0,0.0
1981-06-08,0.0,0.1776146958895424,0.1761468946933746,0.1761468946933746,1241600.0,0.0,0.0
1981-06-09,0.0,0.1732113850549257,0.170275792479515,0.170275792479515,844800.0,0.0,0.0
1981-06-10,0.0,0.1746791714917688,0.1732113808393478,0.1732113808393478,1036800.0,0.0,0.0
1981-06-11,0.0,0.1746791714917688,0.1732113808393478,0.1732113808393478,1344000.0,0.0,0.0
1981-06-12,0.0,0.1688072460985739,0.1673394441604614,0.1673394441604614,4787200.0,0.0,0.0
1981-06-15,0.0,0.1702757454598946,0.1688071936368942,0.1688071936368942,1894400.0,0.0,0.0
1981-06-16,0.0,0.1614681961124462,0.1585326045751571,0.1585326045751571,2342400.0,0.0,0.0
1981-06-17,0.0,0.1585326322034699,0.1570640802383422,0.1570640802383422,6822400.0,0.0,0.0
1981-06-18,0.0,0.1570640688126882,0.1541284769773483,0.1541284769773483,2086400.0,0.0,0.0
1981-06-19,0.0,0.1526606105183336,0.1497250199317932,0.1497250199317932,2009600.0,0.0,0.0
1981-06-22,0.0,0.1453209745265319,0.1438531726598739,0.1438531726598739,6259200.0,0.0,0.0
1981-06-23,0.0,0.1379819547115582,0.1350463628768921,0.1350463628768921,8665600.0,0.0,0.0
1981-06-24,0.0,0.1379819435538489,0.1365141421556472,0.1365141421556472,2406400.0,0.0,0.0
1981-06-25,0.0,0.139449756577207,0.137981966137886,0.137981966137886,1459200.0,0.0,0.0
1981-06-26,0.0,0.1453209745265319,0.1438531726598739,0.1438531726598739,1971200.0,0.0,0.0
1981-06-29,0.0,0.1453209745265319,0.1438531726598739,0.1438531726598739,1817600.0,0.0,0.0
1981-06-30,0.0,0.1453209405249709,0.1423853486776352,0.1423853486776352,1331200.0,0.0,0.0
1981-07-01,0.0,0.1453209745265319,0.1438531726598739,0.1438531726598739,4889600.0,0.0,0.0
1981-07-02,0.0,0.1409175582156494,0.137981966137886,0.137981966137886,2163200.0,0.0,0.0
1981-07-06,0.0,0.139449733752931,0.1365141421556472,0.1365141421556472,998400.0,0.0,0.0
1981-07-07,0.0,0.1379819435538489,0.1365141421556472,0.1365141421556472,3494400.0,0.0,0.0
1981-07-08,0.0,0.1306422579527965,0.129174456000328,0.129174456000328,3353600.0,0.0,0.0
1981-07-09,0.0,0.1291744337173576,0.1277066320180893,0.1277066320180893,1971200.0,0.0,0.0
1981-07-10,0.0,0.127706643573885,0.1247710511088371,0.1247710511088371,1228800.0,0.0,0.0
1981-07-13,0.0,0.1262388798213764,0.1233032867312431,0.1233032867312431,2406400.0,0.0,0.0
1981-07-14,0.0,0.1188990995290509,0.1174312978982925,0.1174312978982925,2368000.0,0.0,0.0
1981-07-15,0.0,0.117431309337395,0.1144957169890403,0.1144957169890403,1408000.0,0.0,0.0
1981-07-16,0.0,0.1159635075636565,0.1144957169890403,0.1144957169890403,2316800.0,0.0,0.0
1981-07-17,0.0,0.1144956752027054,0.111560083925724,0.111560083925724,2496000.0,0.0,0.0
1981-07-20,0.0,0.1144956752027054,0.111560083925724,0.111560083925724,2227200.0,0.0,0.0
1981-07-21,0.0,0.1130278739646556,0.111560083925724,0.111560083925724,5619200.0,0.0,0.0
1981-07-22,0.0,0.1130278739646556,0.111560083925724,0.111560083925724,5350400.0,0.0,0.0
1981-07-23,0.0,0.1159635075636565,0.1144957169890403,0.1144957169890403,4172800.0,0.0,0.0
1981-07-24,0.0,0.1188990995290509,0.1174312978982925,0.1174312978982925,2304000.0,0.0,0.0
1981-07-27,0.0,0.1174312903536714,0.1159634888172149,0.1159634888172149,1459200.0,0.0,0.0
1981-07-28,0.0,0.1159635075636565,0.1144957169890403,0.1144957169890403,678400.0,0.0,0.0
1981-07-29,0.0,0.1144956567554601,0.1130278557538986,0.1130278557538986,396800.0,0.0,0.0
1981-07-30,0.0,0.1159634465579052,0.1130278557538986,0.1130278557538986,2508800.0,0.0,0.0
1981-07-31,0.0,0.1203668899606881,0.1174312978982925,0.1174312978982925,2688000.0,0.0,0.0
1981-08-03,0.0,0.1203668899606881,0.1174312978982925,0.1174312978982925,1203200.0,0.0,0.0
1981-08-04,0.0,0.1233032321381057,0.1203668788075447,0.1203668788075447,2496000.0,0.0,0.0
1981-08-05,0.0,0.1233032321381057,0.1203668788075447,0.1203668788075447,486400.0,0.0,0.0
1981-08-06,0.0,0.1203668447050825,0.1188990548253059,0.1188990548253059,1152000.0,0.0,0.0
1981-08-07,0.0,0.1188990918901278,0.1159634888172149,0.1159634888172149,473600.0,0.0,0.0
1981-08-10,0.1159634888172149,0.1159634888172149,0.1159634888172149,0.1159634888172149,0.0,0.0,0.0
1981-08-11,0.0,0.1159635075636565,0.1144957169890403,0.1144957169890403,256000.0,0.0,0.0
1981-08-12,0.0,0.1144956752027054,0.111560083925724,0.111560083925724,729600.0,0.0,0.0
1981-08-13,0.0,0.1130278739646556,0.111560083925724,0.111560083925724,1152000.0,0.0,0.0
1981-08-14,0.0,0.1130278739646556,0.111560083925724,0.111560083925724,1075200.0,0.0,0.0
1981-08-17,0.0,0.1086237770174199,0.1056881844997406,0.1056881844997406,1612800.0,0.0,0.0
1981-08-18,0.0,0.1071559863581418,0.1056881844997406,0.1056881844997406,1011200.0,0.0,0.0
1981-08-19,0.0,0.1086237465758483,0.1071559563279151,0.1071559563279151,422400.0,0.0,0.0
1981-08-20,0.0,0.1071559863581418,0.1056881844997406,0.1056881844997406,1792000.0,0.0,0.0
1981-08-21,0.0,0.102752619107029,0.1012848168611526,0.1012848168611526,844800.0,0.0,0.0
1981-08-24,0.0,0.0968806409720401,0.0954128503799438,0.0954128503799438,3174400.0,0.0,0.0
1981-08-25,0.0,0.0983484312785137,0.096880629658699,0.096880629658699,2931200.0,0.0,0.0
1981-08-26,0.0,0.099817028621292,0.0983484759926796,0.0983484759926796,2124800.0,0.0,0.0
1981-08-27,0.0,0.0968806488211804,0.0939450562000274,0.0939450562000274,1523200.0,0.0,0.0
1981-08-28,0.0,0.0983484312785137,0.096880629658699,0.096880629658699,4275200.0,0.0,0.0
1981-08-31,0.0,0.0968806488211804,0.0939450562000274,0.0939450562000274,3596800.0,0.0,0.0
1981-09-01,0.0,0.098348442763259,0.0954128503799438,0.0954128503799438,1216000.0,0.0,0.0
1981-09-02,0.0,0.0983484312785137,0.096880629658699,0.096880629658699,972800.0,0.0,0.0
1981-09-03,0.0,0.0954128581101656,0.0939450562000274,0.0939450562000274,780800.0,0.0,0.0
1981-09-04,0.0,0.0954128141859104,0.0924772173166275,0.0924772173166275,768000.0,0.0,0.0
1981-09-08,0.0,0.0910094473761186,0.0880738496780395,0.0880738496780395,2521600.0,0.0,0.0
1981-09-09,0.0,0.0910094473761186,0.0880738496780395,0.0880738496780395,1216000.0,0.0,0.0
1981-09-10,0.0,0.0939450129514894,0.0924772173166275,0.0924772173166275,1728000.0,0.0,0.0
1981-09-11,0.0,0.0954128141859104,0.0924772173166275,0.0924772173166275,1638400.0,0.0,0.0
1981-09-14,0.0,0.0954128141859104,0.0924772173166275,0.0924772173166275,4646400.0,0.0,0.0
1981-09-15,0.0,0.0939450375260829,0.0910094454884529,0.0910094454884529,1484800.0,0.0,0.0
1981-09-16,0.0,0.0910094379034194,0.0895416364073753,0.0895416364073753,832000.0,0.0,0.0
1981-09-17,0.0,0.0895416377158351,0.0866052955389022,0.0866052955389022,1881600.0,0.0,0.0
1981-09-18,0.0,0.0895416457272987,0.0880738496780395,0.0880738496780395,3520000.0,0.0,0.0
1981-09-21,0.0,0.0880738417979024,0.0866052955389022,0.0866052955389022,2752000.0,0.0,0.0
1981-09-22,0.0,0.0895416377158351,0.0866052955389022,0.0866052955389022,2150400.0,0.0,0.0
1981-09-23,0.0,0.0866053203568938,0.0836697220802307,0.0836697220802307,3225600.0,0.0,0.0
1981-09-24,0.0,0.0851375184187813,0.0836697220802307,0.0836697220802307,4339200.0,0.0,0.0
1981-09-25,0.0,0.0851375184187813,0.0836697220802307,0.0836697220802307,2611200.0,0.0,0.0
1981-09-28,0.0,0.0866052954239499,0.0851374939084053,0.0851374939084053,1369600.0,0.0,0.0
1981-09-29,0.0,0.0895416377158351,0.0866052955389022,0.0866052955389022,6924800.0,0.0,0.0
1981-09-30,0.0,0.0910094473761186,0.0880738496780395,0.0880738496780395,396800.0,0.0,0.0
1981-10-01,0.0,0.0910094473761186,0.0880738496780395,0.0880738496780395,512000.0,0.0,0.0
1981-10-02,0.0,0.0924772415072679,0.0910094454884529,0.0910094454884529,1420800.0,0.0,0.0
1981-10-05,0.0,0.0954128141859104,0.0924772173166275,0.0924772173166275,1395200.0,0.0,0.0
1981-10-06,0.0,0.0968806488211804,0.0939450562000274,0.0939450562000274,1113600.0,0.0,0.0
1981-10-07,0.0,0.099817028621292,0.0983484759926796,0.0983484759926796,1600000.0,0.0,0.0
1981-10-08,0.0,0.1012848197093172,0.0983484759926796,0.0983484759926796,1344000.0,0.0,0.0
1981-10-09,0.0,0.099817028621292,0.0983484759926796,0.0983484759926796,1638400.0,0.0,0.0
1981-10-12,0.0,0.1012848197093172,0.0983484759926796,0.0983484759926796,1612800.0,0.0,0.0
1981-10-13,0.0,0.1012848197093172,0.0983484759926796,0.0983484759926796,1382400.0,0.0,0.0
1981-10-14,0.0,0.0968806042212131,0.0924772173166275,0.0924772173166275,3584000.0,0.0,0.0
1981-10-15,0.0,0.0910094473761186,0.0880738496780395,0.0880738496780395,1497600.0,0.0,0.0
1981-10-16,0.0,0.0910094379034194,0.0895416364073753,0.0895416364073753,3776000.0,0.0,0.0
1981-10-19,0.0,0.0910094473761186,0.0880738496780395,0.0880738496780395,1689600.0,0.0,0.0
1981-10-20,0.0,0.0968806488211804,0.0939450562000274,0.0939450562000274,1996800.0,0.0,0.0
1981-10-21,0.0,0.099817028621292,0.0983484759926796,0.0983484759926796,2508800.0,0.0,0.0
1981-10-22,0.0,0.0983484312785137,0.096880629658699,0.096880629658699,1062400.0,0.0,0.0
1981-10-23,0.0,0.0968806409720401,0.0954128503799438,0.0954128503799438,1561600.0,0.0,0.0
1981-10-26,0.0,0.098348442763259,0.0954128503799438,0.0954128503799438,371200.0,0.0,0.0
1981-10-27,0.0,0.1012848197093172,0.0983484759926796,0.0983484759926796,1100800.0,0.0,0.0
1981-10-28,0.0,0.1012847456406538,0.0998169556260109,0.0998169556260109,2969600.0,0.0,0.0
1981-10-29,0.0,0.099817028621292,0.0983484759926796,0.0983484759926796,1792000.0,0.0,0.0
1981-10-30,0.0,0.099817028621292,0.0983484759926796,0.0983484759926796,422400.0,0.0,0.0
1981-11-02,0.0,0.099817028621292,0.0983484759926796,0.0983484759926796,563200.0,0.0,0.0
1981-11-03,0.0,0.0998169832394482,0.096880629658699,0.096880629658699,1740800.0,0.0,0.0
1981-11-04,0.0,0.0968806488211804,0.0939450562000274,0.0939450562000274,896000.0,0.0,0.0
1981-11-05,0.0,0.0968806488211804,0.0939450562000274,0.0939450562000274,307200.0,0.0,0.0
1981-11-06,0.0,0.0968806488211804,0.0939450562000274,0.0939450562000274,985600.0,0.0,0.0
1981-11-09,0.0,0.0968806409720401,0.0954128503799438,0.0954128503799438,1344000.0,0.0,0.0
1981-11-10,0.0,0.1012847456406538,0.0998169556260109,0.0998169556260109,1894400.0,0.0,0.0
1981-11-11,0.0,0.1027525468544149,0.0998169556260109,0.0998169556260109,4492800.0,0.0,0.0
1981-11-12,0.0,0.1042203868585796,0.1027525961399078,0.1027525961399078,1152000.0,0.0,0.0
1981-11-13,0.0,0.1042204101537794,0.1012848168611526,0.1012848168611526,640000.0,0.0,0.0
1981-11-16,0.0,0.099817028621292,0.0983484759926796,0.0983484759926796,1536000.0,0.0,0.0
1981-11-17,0.0,0.1012848197093172,0.0983484759926796,0.0983484759926796,1100800.0,0.0,0.0
1981-11-18,0.0,0.098348442763259,0.0954128503799438,0.0954128503799438,806400.0,0.0,0.0
1981-11-19,0.0,0.098348442763259,0.0954128503799438,0.0954128503799438,1548800.0,0.0,0.0
1981-11-20,0.0,0.098348442763259,0.0954128503799438,0.0954128503799438,883200.0,0.0,0.0
1981-11-23,0.0,0.098348442763259,0.0954128503799438,0.0954128503799438,1228800.0,0.0,0.0
1981-11-24,0.0,0.0968806409720401,0.0954128503799438,0.0954128503799438,678400.0,0.0,0.0
1981-11-25,0.0,0.0939450375260829,0.0910094454884529,0.0910094454884529,1420800.0,0.0,0.0
1981-11-27,0.0,0.0924772337999033,0.0895416364073753,0.0895416364073753,614400.0,0.0,0.0
1981-11-30,0.0,0.0910094473761186,0.0880738496780395,0.0880738496780395,1497600.0,0.0,0.0
1981-12-01,0.0,0.0895416457272987,0.0880738496780395,0.0880738496780395,3865600.0,0.0,0.0
1981-12-02,0.0,0.0895416457272987,0.0880738496780395,0.0880738496780395,2112000.0,0.0,0.0
1981-12-03,0.0,0.0895416377158351,0.0866052955389022,0.0866052955389022,3801600.0,0.0,0.0
1981-12-04,0.0,0.0895416377158351,0.0866052955389022,0.0866052955389022,2227200.0,0.0,0.0
1981-12-07,0.0,0.0866053203568938,0.0836697220802307,0.0836697220802307,2419200.0,0.0,0.0
1981-12-08,0.0,0.0822018938248676,0.0792663022875785,0.0792663022875785,4441600.0,0.0,0.0
1981-12-09,0.0,0.0822018938248676,0.0792663022875785,0.0792663022875785,614400.0,0.0,0.0
1981-12-10,0.0,0.0836697188329875,0.0807341262698173,0.0807341262698173,4812800.0,0.0,0.0
1981-12-11,0.0,0.0851375184187813,0.0836697220802307,0.0836697220802307,9472000.0,0.0,0.0
1981-12-14,0.0,0.0822019225514024,0.0807341262698173,0.0807341262698173,1190400.0,0.0,0.0
1981-12-15,0.0,0.0851375184187813,0.0836697220802307,0.0836697220802307,2342400.0,0.0,0.0
1981-12-16,0.0,0.0851375184187813,0.0836697220802307,0.0836697220802307,2726400.0,0.0,0.0
1981-12-17,0.0,0.0851375184187813,0.0836697220802307,0.0836697220802307,960000.0,0.0,0.0
1981-12-18,0.0,0.0866052954239499,0.0851374939084053,0.0851374939084053,3814400.0,0.0,0.0
1981-12-21,0.0,0.0880738416810008,0.0851374939084053,0.0851374939084053,1881600.0,0.0,0.0
1981-12-22,0.0,0.0866052954239499,0.0851374939084053,0.0851374939084053,1190400.0,0.0,0.0
1981-12-23,0.0,0.0851375184187813,0.0836697220802307,0.0836697220802307,3302400.0,0.0,0.0
1981-12-24,0.0,0.0851375052211937,0.0822019129991531,0.0822019129991531,524800.0,0.0,0.0
1981-12-28,0.0,0.0836697188329875,0.0807341262698173,0.0807341262698173,1702400.0,0.0,0.0
1981-12-29,0.0,0.0822018938248676,0.0792663022875785,0.0792663022875785,6873600.0,0.0,0.0
1981-12-30,0.0,0.0822019225514024,0.0807341262698173,0.0807341262698173,2585600.0,0.0,0.0
1981-12-31,0.0,0.0851375052211937,0.0822019129991531,0.0822019129991531,1408000.0,0.0,0.0
1982-01-04,0.0,0.0836697091101734,0.0822019129991531,0.0822019129991531,371200.0,0.0,0.0
1982-01-05,0.0,0.0792663500877588,0.0763307511806488,0.0763307511806488,2521600.0,0.0,0.0
1982-01-06,0.0,0.0807340980562231,0.0792663022875785,0.0792663022875785,960000.0,0.0,0.0
1982-01-07,0.0,0.0807340980562231,0.0792663022875785,0.0792663022875785,1331200.0,0.0,0.0
1982-01-08,0.0,0.0792663172026341,0.0777985155582428,0.0777985155582428,1011200.0,0.0,0.0
1982-01-11,0.0,0.0792663172026341,0.0777985155582428,0.0777985155582428,1024000.0,0.0,0.0
1982-01-12,0.0,0.0792663172026341,0.0777985155582428,0.0777985155582428,1561600.0,0.0,0.0
1982-01-13,0.0,0.0777985094390258,0.0748621672391891,0.0748621672391891,1817600.0,0.0,0.0
1982-01-14,0.0,0.0777985094390258,0.0748621672391891,0.0748621672391891,921600.0,0.0,0.0
1982-01-15,0.0,0.0792663172026341,0.0777985155582428,0.0777985155582428,2073600.0,0.0,0.0
1982-01-18,0.0,0.0851375184187813,0.0836697220802307,0.0836697220802307,2150400.0,0.0,0.0
1982-01-19,0.0,0.0822019225514024,0.0807341262698173,0.0807341262698173,2316800.0,0.0,0.0
1982-01-20,0.0,0.0851375184187813,0.0836697220802307,0.0836697220802307,1932800.0,0.0,0.0
1982-01-21,0.0,0.0880738416810008,0.0851374939084053,0.0851374939084053,2316800.0,0.0,0.0
1982-01-22,0.0,0.0866053203568938,0.0836697220802307,0.0836697220802307,486400.0,0.0,0.0
1982-01-25,0.0,0.0836697091101734,0.0822019129991531,0.0822019129991531,742400.0,0.0,0.0
1982-01-26,0.0,0.0910094473761186,0.0880738496780395,0.0880738496780395,1126400.0,0.0,0.0
1982-01-27,0.0,0.0939450375260829,0.0910094454884529,0.0910094454884529,2009600.0,0.0,0.0
1982-01-28,0.0,0.098348442763259,0.0954128503799438,0.0954128503799438,4390400.0,0.0,0.0
1982-01-29,0.0,0.0998169832394482,0.096880629658699,0.096880629658699,3865600.0,0.0,0.0
1982-02-01,0.0,0.098348442763259,0.0954128503799438,0.0954128503799438,998400.0,0.0,0.0
1982-02-02,0.0,0.098348442763259,0.0954128503799438,0.0954128503799438,422400.0,0.0,0.0
1982-02-03,0.0,0.099817028621292,0.0983484759926796,0.0983484759926796,1113600.0,0.0,0.0
1982-02-04,0.0,0.1012848197093172,0.0983484759926796,0.0983484759926796,998400.0,0.0,0.0
1982-02-05,0.0,0.099817028621292,0.0983484759926796,0.0983484759926796,179200.0,0.0,0.0
1982-02-08,0.0,0.0968806488211804,0.0939450562000274,0.0939450562000274,3072000.0,0.0,0.0
1982-02-09,0.0,0.0939450375260829,0.0910094454884529,0.0910094454884529,3379200.0,0.0,0.0
1982-02-10,0.0,0.0924772337999033,0.0895416364073753,0.0895416364073753,1881600.0,0.0,0.0
1982-02-11,0.0,0.0924772337999033,0.0895416364073753,0.0895416364073753,1203200.0,0.0,0.0
1982-02-12,0.0,0.0910094379034194,0.0895416364073753,0.0895416364073753,588800.0,0.0,0.0
1982-02-16,0.0,0.0880738416810008,0.0851374939084053,0.0851374939084053,3942400.0,0.0,0.0
1982-02-17,0.0,0.0866052954239499,0.0851374939084053,0.0851374939084053,806400.0,0.0,0.0
1982-02-18,0.0,0.0880738416810008,0.0851374939084053,0.0851374939084053,3443200.0,0.0,0.0
1982-02-19,0.0,0.0866053203568938,0.0836697220802307,0.0836697220802307,601600.0,0.0,0.0
1982-02-22,0.0,0.0836697091101734,0.0822019129991531,0.0822019129991531,1510400.0,0.0,0.0
1982-02-23,0.0,0.0807340980562231,0.0792663022875785,0.0792663022875785,1638400.0,0.0,0.0
1982-02-24,0.0,0.0807341132474648,0.0777985155582428,0.0777985155582428,3046400.0,0.0,0.0
1982-02-25,0.0,0.0807341132474648,0.0777985155582428,0.0777985155582428,3417600.0,0.0,0.0
1982-02-26,0.0,0.0822019225514024,0.0807341262698173,0.0807341262698173,1817600.0,0.0,0.0
1982-03-01,0.0,0.0880738416810008,0.0851374939084053,0.0851374939084053,4774400.0,0.0,0.0
1982-03-02,0.0,0.0866052954239499,0.0851374939084053,0.0851374939084053,2892800.0,0.0,0.0
1982-03-03,0.0,0.0807341132474648,0.0777985155582428,0.0777985155582428,2892800.0,0.0,0.0
1982-03-04,0.0,0.0733943614881695,0.0704587697982788,0.0704587697982788,2355200.0,0.0,0.0
1982-03-05,0.0,0.0704587791078247,0.068990983068943,0.068990983068943,3545600.0,0.0,0.0
1982-03-08,0.0,0.0689909773557791,0.067523181438446,0.067523181438446,4966400.0,0.0,0.0
1982-03-09,0.0,0.0689909773557791,0.067523181438446,0.067523181438446,12710400.0,0.0,0.0
1982-03-10,0.0,0.0704587791078247,0.068990983068943,0.068990983068943,1600000.0,0.0,0.0
1982-03-11,0.0,0.0733943614881695,0.0704587697982788,0.0704587697982788,2137600.0,0.0,0.0
1982-03-12,0.0,0.0733943614881695,0.0704587697982788,0.0704587697982788,1856000.0,0.0,0.0
1982-03-15,0.0,0.0777985478344223,0.0763307511806488,0.0763307511806488,1113600.0,0.0,0.0
1982-03-16,0.0,0.0777985478344223,0.0763307511806488,0.0763307511806488,1702400.0,0.0,0.0
1982-03-17,0.0,0.0777985478344223,0.0763307511806488,0.0763307511806488,115200.0,0.0,0.0
1982-03-18,0.0,0.0851375184187813,0.0836697220802307,0.0836697220802307,1280000.0,0.0,0.0
1982-03-19,0.0,0.0851375052211937,0.0822019129991531,0.0822019129991531,1753600.0,0.0,0.0
1982-03-22,0.0,0.0836697091101734,0.0822019129991531,0.0822019129991531,755200.0,0.0,0.0
1982-03-23,0.0,0.0851375052211937,0.0822019129991531,0.0822019129991531,1459200.0,0.0,0.0
1982-03-24,0.0,0.0822018938248676,0.0792663022875785,0.0792663022875785,768000.0,0.0,0.0
1982-03-25,0.0,0.0807341132474648,0.0777985155582428,0.0777985155582428,192000.0,0.0,0.0
1982-03-26,0.0,0.0807341132474648,0.0777985155582428,0.0777985155582428,179200.0,0.0,0.0
1982-03-29,0.0,0.0807341132474648,0.0777985155582428,0.0777985155582428,512000.0,0.0,0.0
1982-03-30,0.0,0.0807341132474648,0.0777985155582428,0.0777985155582428,422400.0,0.0,0.0
1982-03-31,0.0,0.0822018938248676,0.0792663022875785,0.0792663022875785,768000.0,0.0,0.0
1982-04-01,0.0,0.0836697188329875,0.0807341262698173,0.0807341262698173,473600.0,0.0,0.0
1982-04-02,0.0,0.0851375052211937,0.0822019129991531,0.0822019129991531,1420800.0,0.0,0.0
1982-04-05,0.0,0.0880738416810008,0.0851374939084053,0.0851374939084053,7116800.0,0.0,0.0
1982-04-06,0.0,0.0880738416810008,0.0851374939084053,0.0851374939084053,524800.0,0.0,0.0
1982-04-07,0.0,0.0895416369871836,0.0873395651578903,0.0873395651578903,1011200.0,0.0,0.0
1982-04-08,0.0,0.0954128581101656,0.0939450562000274,0.0939450562000274,2777600.0,0.0,0.0
1982-04-12,0.0,0.0968806488211804,0.0939450562000274,0.0939450562000274,1804800.0,0.0,0.0
1982-04-13,0.0,0.099817028621292,0.0983484759926796,0.0983484759926796,1779200.0,0.0,0.0
1982-04-14,0.0,0.0998169832394482,0.096880629658699,0.096880629658699,2483200.0,0.0,0.0
1982-04-15,0.0,0.0998169832394482,0.096880629658699,0.096880629658699,1536000.0,0.0,0.0
1982-04-16,0.0,0.099817028621292,0.0983484759926796,0.0983484759926796,806400.0,0.0,0.0
1982-04-19,0.0,0.099817028621292,0.0983484759926796,0.0983484759926796,1779200.0,0.0,0.0
1982-04-20,0.0,0.0968806488211804,0.0939450562000274,0.0939450562000274,1574400.0,0.0,0.0
1982-04-21,0.0,0.0954128141859104,0.0924772173166275,0.0924772173166275,1996800.0,0.0,0.0
1982-04-22,0.0,0.0983484312785137,0.096880629658699,0.096880629658699,1152000.0,0.0,0.0
1982-04-23,0.0,0.0998169832394482,0.096880629658699,0.096880629658699,601600.0,0.0,0.0
1982-04-26,0.0,0.099817028621292,0.0983484759926796,0.0983484759926796,716800.0,0.0,0.0
1982-04-27,0.0,0.098348442763259,0.0954128503799438,0.0954128503799438,5478400.0,0.0,0.0
1982-04-28,0.0,0.0968806409720401,0.0954128503799438,0.0954128503799438,921600.0,0.0,0.0
1982-04-29,0.0,0.0939450129514894,0.0924772173166275,0.0924772173166275,1996800.0,0.0,0.0
1982-04-30,0.0,0.0954128141859104,0.0924772173166275,0.0924772173166275,294400.0,0.0,0.0
1982-05-03,0.0,0.098348442763259,0.0954128503799438,0.0954128503799438,1996800.0,0.0,0.0
1982-05-04,0.0,0.0983484312785137,0.096880629658699,0.096880629658699,384000.0,0.0,0.0
1982-05-05,0.0,0.0983484312785137,0.096880629658699,0.096880629658699,1945600.0,0.0,0.0
1982-05-06,0.0,0.0983484312785137,0.096880629658699,0.096880629658699,524800.0,0.0,0.0
1982-05-07,0.0,0.099817028621292,0.0983484759926796,0.0983484759926796,5286400.0,0.0,0.0
1982-05-10,0.0,0.0998169832394482,0.096880629658699,0.096880629658699,627200.0,0.0,0.0
1982-05-11,0.0,0.099817028621292,0.0983484759926796,0.0983484759926796,883200.0,0.0,0.0
1982-05-12,0.0,0.098348442763259,0.0954128503799438,0.0954128503799438,3097600.0,0.0,0.0
1982-05-13,0.0,0.102752619107029,0.1012848168611526,0.1012848168611526,4646400.0,0.0,0.0
1982-05-14,0.0,0.1042203868585796,0.1027525961399078,0.1027525961399078,3264000.0,0.0,0.0
1982-05-17,0.0,0.1042204101537794,0.1012848168611526,0.1012848168611526,1651200.0,0.0,0.0
1982-05-18,0.0,0.1012848197093172,0.0983484759926796,0.0983484759926796,1395200.0,0.0,0.0
1982-05-19,0.0,0.0939450129514894,0.0924772173166275,0.0924772173166275,2060800.0,0.0,0.0
1982-05-20,0.0,0.0939450129514894,0.0924772173166275,0.0924772173166275,1100800.0,0.0,0.0
1982-05-21,0.0,0.0895416377158351,0.0866052955389022,0.0866052955389022,2470400.0,0.0,0.0
1982-05-24,0.0,0.0895416457272987,0.0880738496780395,0.0880738496780395,1817600.0,0.0,0.0
1982-05-25,0.0,0.0924772415072679,0.0910094454884529,0.0910094454884529,2662400.0,0.0,0.0
1982-05-26,0.0,0.0939450375260829,0.0910094454884529,0.0910094454884529,1753600.0,0.0,0.0
1982-05-27,0.0,0.0939450375260829,0.0910094454884529,0.0910094454884529,2252800.0,0.0,0.0
1982-05-28,0.0,0.0939450375260829,0.0910094454884529,0.0910094454884529,1676800.0,0.0,0.0
1982-06-01,0.0,0.0910094379034194,0.0895416364073753,0.0895416364073753,1024000.0,0.0,0.0
1982-06-02,0.0,0.0866052954239499,0.0851374939084053,0.0851374939084053,2931200.0,0.0,0.0
1982-06-03,0.0,0.0895416457272987,0.0880738496780395,0.0880738496780395,5094400.0,0.0,0.0
1982-06-04,0.0,0.0866052954239499,0.0851374939084053,0.0851374939084053,729600.0,0.0,0.0
1982-06-07,0.0,0.0866053203568938,0.0836697220802307,0.0836697220802307,1190400.0,0.0,0.0
1982-06-08,0.0,0.0851375184187813,0.0836697220802307,0.0836697220802307,512000.0,0.0,0.0
1982-06-09,0.0,0.0836697091101734,0.0822019129991531,0.0822019129991531,1651200.0,0.0,0.0
1982-06-10,0.0,0.0880738416810008,0.0851374939084053,0.0851374939084053,691200.0,0.0,0.0
1982-06-11,0.0,0.0924772337999033,0.0895416364073753,0.0895416364073753,1715200.0,0.0,0.0
1982-06-14,0.0,0.0924772415072679,0.0910094454884529,0.0910094454884529,1228800.0,0.0,0.0
1982-06-15,0.0,0.0924772415072679,0.0910094454884529,0.0910094454884529,1280000.0,0.0,0.0
1982-06-16,0.0,0.0954128581101656,0.0939450562000274,0.0939450562000274,1817600.0,0.0,0.0
1982-06-17,0.0,0.0924772337999033,0.0895416364073753,0.0895416364073753,1996800.0,0.0,0.0
1982-06-18,0.0,0.0866053203568938,0.0836697220802307,0.0836697220802307,1881600.0,0.0,0.0
1982-06-21,0.0,0.0836697091101734,0.0822019129991531,0.0822019129991531,3212800.0,0.0,0.0
1982-06-22,0.0,0.0851375184187813,0.0836697220802307,0.0836697220802307,1996800.0,0.0,0.0
1982-06-23,0.0,0.0910094473761186,0.0880738496780395,0.0880738496780395,1267200.0,0.0,0.0
1982-06-24,0.0,0.0895416457272987,0.0880738496780395,0.0880738496780395,1433600.0,0.0,0.0
1982-06-25,0.0,0.0895416457272987,0.0880738496780395,0.0880738496780395,422400.0,0.0,0.0
1982-06-28,0.0,0.0880738417979024,0.0866052955389022,0.0866052955389022,307200.0,0.0,0.0
1982-06-29,0.0,0.0880738416810008,0.0851374939084053,0.0851374939084053,998400.0,0.0,0.0
1982-06-30,0.0,0.0880738416810008,0.0851374939084053,0.0851374939084053,115200.0,0.0,0.0
1982-07-01,0.0,0.0880738416810008,0.0851374939084053,0.0851374939084053,448000.0,0.0,0.0
1982-07-02,0.0,0.0866052954239499,0.0851374939084053,0.0851374939084053,601600.0,0.0,0.0
1982-07-06,0.0,0.0866052954239499,0.0851374939084053,0.0851374939084053,281600.0,0.0,0.0
1982-07-07,0.0,0.0866052954239499,0.0851374939084053,0.0851374939084053,627200.0,0.0,0.0
1982-07-08,0.0,0.0866053203568938,0.0836697220802307,0.0836697220802307,1817600.0,0.0,0.0
1982-07-09,0.0,0.0866052954239499,0.0851374939084053,0.0851374939084053,1139200.0,0.0,0.0
1982-07-12,0.0,0.0866052954239499,0.0851374939084053,0.0851374939084053,576000.0,0.0,0.0
1982-07-13,0.0,0.0895416457272987,0.0880738496780395,0.0880738496780395,2240000.0,0.0,0.0
1982-07-14,0.0,0.0895416457272987,0.0880738496780395,0.0880738496780395,2304000.0,0.0,0.0
1982-07-15,0.0,0.0866052954239499,0.0851374939084053,0.0851374939084053,1728000.0,0.0,0.0
1982-07-16,0.0,0.0866052954239499,0.0851374939084053,0.0851374939084053,2726400.0,0.0,0.0
1982-07-19,0.0,0.0895416457272987,0.0880738496780395,0.0880738496780395,7065600.0,0.0,0.0
1982-07-20,0.0,0.0968806409720401,0.0954128503799438,0.0954128503799438,2982400.0,0.0,0.0
1982-07-21,0.0,0.0939450129514894,0.0924772173166275,0.0924772173166275,2675200.0,0.0,0.0
1982-07-22,0.0,0.0939450129514894,0.0924772173166275,0.0924772173166275,4761600.0,0.0,0.0
1982-07-23,0.0,0.0939450129514894,0.0924772173166275,0.0924772173166275,5196800.0,0.0,0.0
1982-07-26,0.0,0.0939450129514894,0.0924772173166275,0.0924772173166275,3366400.0,0.0,0.0
1982-07-27,0.0,0.0939450129514894,0.0924772173166275,0.0924772173166275,1497600.0,0.0,0.0
1982-07-28,0.0,0.0910094379034194,0.0895416364073753,0.0895416364073753,1305600.0,0.0,0.0
1982-07-29,0.0,0.0910094473761186,0.0880738496780395,0.0880738496780395,563200.0,0.0,0.0
1982-07-30,0.0,0.0924772337999033,0.0895416364073753,0.0895416364073753,1510400.0,0.0,0.0
1982-08-02,0.0,0.0939450375260829,0.0910094454884529,0.0910094454884529,3712000.0,0.0,0.0
1982-08-03,0.0,0.0924772337999033,0.0895416364073753,0.0895416364073753,1100800.0,0.0,0.0
1982-08-04,0.0,0.0910094379034194,0.0895416364073753,0.0895416364073753,512000.0,0.0,0.0
1982-08-05,0.0,0.0880738417979024,0.0866052955389022,0.0866052955389022,1881600.0,0.0,0.0
1982-08-06,0.0,0.0880738417979024,0.0866052955389022,0.0866052955389022,486400.0,0.0,0.0
1982-08-09,0.0,0.0866052954239499,0.0851374939084053,0.0851374939084053,1689600.0,0.0,0.0
1982-08-10,0.0,0.0895416377158351,0.0866052955389022,0.0866052955389022,576000.0,0.0,0.0
1982-08-11,0.0,0.0880738417979024,0.0866052955389022,0.0866052955389022,934400.0,0.0,0.0
1982-08-12,0.0,0.0880738417979024,0.0866052955389022,0.0866052955389022,691200.0,0.0,0.0
1982-08-13,0.0,0.0880738416810008,0.0851374939084053,0.0851374939084053,1177600.0,0.0,0.0
1982-08-16,0.0,0.0822018938248676,0.0792663022875785,0.0792663022875785,3008000.0,0.0,0.0
1982-08-17,0.0,0.0836697091101734,0.0822019129991531,0.0822019129991531,1420800.0,0.0,0.0
1982-08-18,0.0,0.0895416377158351,0.0866052955389022,0.0866052955389022,9395200.0,0.0,0.0
1982-08-19,0.0,0.0851375184187813,0.0836697220802307,0.0836697220802307,3072000.0,0.0,0.0
1982-08-20,0.0,0.0851375184187813,0.0836697220802307,0.0836697220802307,1280000.0,0.0,0.0
1982-08-23,0.0,0.0866052954239499,0.0851374939084053,0.0851374939084053,2227200.0,0.0,0.0
1982-08-24,0.0,0.0910094473761186,0.0880738496780395,0.0880738496780395,6528000.0,0.0,0.0
1982-08-25,0.0,0.0939450129514894,0.0924772173166275,0.0924772173166275,8217600.0,0.0,0.0
1982-08-26,0.0,0.0954128581101656,0.0939450562000274,0.0939450562000274,11251200.0,0.0,0.0
1982-08-27,0.0,0.0939450129514894,0.0924772173166275,0.0924772173166275,3020800.0,0.0,0.0
1982-08-30,0.0,0.0939450129514894,0.0924772173166275,0.0924772173166275,1280000.0,0.0,0.0
1982-08-31,0.0,0.0954128581101656,0.0939450562000274,0.0939450562000274,9152000.0,0.0,0.0
1982-09-01,0.0,0.0954128141859104,0.0924772173166275,0.0924772173166275,5465600.0,0.0,0.0
1982-09-02,0.0,0.0983484312785137,0.096880629658699,0.096880629658699,6131200.0,0.0,0.0
1982-09-03,0.0,0.1056881887763749,0.1027525961399078,0.1027525961399078,9292800.0,0.0,0.0
1982-09-07,0.0,0.1027525468544149,0.0998169556260109,0.0998169556260109,4070400.0,0.0,0.0
1982-09-08,0.0,0.1042203868585796,0.1027525961399078,0.1027525961399078,3443200.0,0.0,0.0
1982-09-09,0.0,0.1071559789320223,0.104220375418663,0.104220375418663,4518400.0,0.0,0.0
1982-09-10,0.0,0.1056881771753426,0.104220375418663,0.104220375418663,4236800.0,0.0,0.0
1982-09-13,0.0,0.1042203868585796,0.1027525961399078,0.1027525961399078,2316800.0,0.0,0.0
1982-09-14,0.0,0.1012847456406538,0.0998169556260109,0.0998169556260109,5094400.0,0.0,0.0
1982-09-15,0.0,0.0983484312785137,0.096880629658699,0.096880629658699,1049600.0,0.0,0.0
1982-09-16,0.0,0.0968806409720401,0.0954128503799438,0.0954128503799438,2329600.0,0.0,0.0
1982-09-17,0.0,0.0968806409720401,0.0954128503799438,0.0954128503799438,2227200.0,0.0,0.0
1982-09-20,0.0,0.0983484312785137,0.096880629658699,0.096880629658699,1395200.0,0.0,0.0
1982-09-21,0.0,0.1027525468544149,0.0998169556260109,0.0998169556260109,3558400.0,0.0,0.0
1982-09-22,0.0,0.1071559789320223,0.104220375418663,0.104220375418663,5324800.0,0.0,0.0
1982-09-23,0.0,0.1056881771753426,0.104220375418663,0.104220375418663,2931200.0,0.0,0.0
1982-09-24,0.0,0.1056881771753426,0.104220375418663,0.104220375418663,844800.0,0.0,0.0
1982-09-27,0.0,0.1042203868585796,0.1027525961399078,0.1027525961399078,3468800.0,0.0,0.0
1982-09-28,0.0,0.1042203868585796,0.1027525961399078,0.1027525961399078,1843200.0,0.0,0.0
1982-09-29,0.0,0.1027525468544149,0.0998169556260109,0.0998169556260109,1958400.0,0.0,0.0
1982-09-30,0.0,0.099817028621292,0.0983484759926796,0.0983484759926796,6144000.0,0.0,0.0
1982-10-01,0.0,0.099817028621292,0.0983484759926796,0.0983484759926796,755200.0,0.0,0.0
1982-10-04,0.0,0.0998169832394482,0.096880629658699,0.096880629658699,1843200.0,0.0,0.0
1982-10-05,0.0,0.0998169832394482,0.096880629658699,0.096880629658699,1420800.0,0.0,0.0
1982-10-06,0.0,0.1012847456406538,0.0998169556260109,0.0998169556260109,5171200.0,0.0,0.0
1982-10-07,0.0,0.1042204101537794,0.1012848168611526,0.1012848168611526,8409600.0,0.0,0.0
1982-10-08,0.0,0.1071559863581418,0.1056881844997406,0.1056881844997406,5388800.0,0.0,0.0
1982-10-11,0.0,0.1086237465758483,0.1071559563279151,0.1071559563279151,3123200.0,0.0,0.0
1982-10-12,0.0,0.1071559789320223,0.104220375418663,0.104220375418663,6502400.0,0.0,0.0
1982-10-13,0.0,0.1086237770174199,0.1056881844997406,0.1056881844997406,5670400.0,0.0,0.0
1982-10-14,0.0,0.1056881887763749,0.1027525961399078,0.1027525961399078,1740800.0,0.0,0.0
1982-10-15,0.0,0.1056881887763749,0.1027525961399078,0.1027525961399078,3891200.0,0.0,0.0
1982-10-18,0.0,0.1071559789320223,0.104220375418663,0.104220375418663,3724800.0,0.0,0.0
1982-10-19,0.0,0.1115600964313436,0.1100915446877479,0.1100915446877479,5068800.0,0.0,0.0
1982-10-20,0.0,0.1233032321381057,0.1203668788075447,0.1203668788075447,9766400.0,0.0,0.0
1982-10-21,0.0,0.1262388529409225,0.1247710511088371,0.1247710511088371,6694400.0,0.0,0.0
1982-10-22,0.0,0.127706643573885,0.1247710511088371,0.1247710511088371,2355200.0,0.0,0.0
1982-10-25,0.0,0.1233032322754863,0.1218346804380416,0.1218346804380416,15488000.0,0.0,0.0
1982-10-26,0.0,0.1247710225727541,0.1218346804380416,0.1218346804380416,5542400.0,0.0,0.0
1982-10-27,0.0,0.1277065981466977,0.1262388080358505,0.1262388080358505,3123200.0,0.0,0.0
1982-10-28,0.0,0.1321100559148416,0.1306422650814056,0.1306422650814056,5030400.0,0.0,0.0
1982-10-29,0.0,0.1321100559148416,0.1306422650814056,0.1306422650814056,2406400.0,0.0,0.0
1982-11-01,0.0,0.1365141356346203,0.1335777938365936,0.1335777938365936,3507200.0,0.0,0.0
1982-11-02,0.0,0.1409175168215994,0.1394497156143188,0.1394497156143188,3353600.0,0.0,0.0
1982-11-03,0.0,0.1423853180288801,0.1394497156143188,0.1394497156143188,8000000.0,0.0,0.0
1982-11-04,0.0,0.1379819547115582,0.1350463628768921,0.1350463628768921,16089600.0,0.0,0.0
1982-11-05,0.0,0.1365141356346203,0.1335777938365936,0.1335777938365936,2086400.0,0.0,0.0
1982-11-08,0.0,0.1335778579474019,0.1306422650814056,0.1306422650814056,6220800.0,0.0,0.0
1982-11-09,0.0,0.1291744337173576,0.1277066320180893,0.1277066320180893,7308800.0,0.0,0.0
1982-11-10,0.0,0.1262388529409225,0.1247710511088371,0.1247710511088371,6412800.0,0.0,0.0
1982-11-11,0.0,0.1262388798213764,0.1233032867312431,0.1233032867312431,7641600.0,0.0,0.0
1982-11-12,0.0,0.1321100559148416,0.1306422650814056,0.1306422650814056,6848000.0,0.0,0.0
1982-11-15,0.0,0.1277065981466977,0.1262388080358505,0.1262388080358505,3059200.0,0.0,0.0
1982-11-16,0.0,0.1262388529409225,0.1247710511088371,0.1247710511088371,3852800.0,0.0,0.0
1982-11-17,0.0,0.1277065981466977,0.1262388080358505,0.1262388080358505,5171200.0,0.0,0.0
1982-11-18,0.0,0.1291743994566637,0.1262388080358505,0.1262388080358505,2662400.0,0.0,0.0
1982-11-19,0.0,0.1277065981466977,0.1262388080358505,0.1262388080358505,10841600.0,0.0,0.0
1982-11-22,0.0,0.1233032321381057,0.1203668788075447,0.1203668788075447,3097600.0,0.0,0.0
1982-11-23,0.0,0.1218346803022973,0.1203668788075447,0.1203668788075447,1395200.0,0.0,0.0
1982-11-24,0.0,0.1218346803022973,0.1203668788075447,0.1203668788075447,934400.0,0.0,0.0
1982-11-26,0.0,0.1262388798213764,0.1233032867312431,0.1233032867312431,908800.0,0.0,0.0
1982-11-29,0.0,0.127706643573885,0.1247710511088371,0.1247710511088371,3712000.0,0.0,0.0
1982-11-30,0.0,0.1291744337173576,0.1277066320180893,0.1277066320180893,1139200.0,0.0,0.0
1982-12-01,0.0,0.1379819435538489,0.1365141421556472,0.1365141421556472,7385600.0,0.0,0.0
1982-12-02,0.0,0.1409175168215994,0.1394497156143188,0.1394497156143188,3251200.0,0.0,0.0
1982-12-03,0.0,0.1409175582156494,0.137981966137886,0.137981966137886,3008000.0,0.0,0.0
1982-12-06,0.0,0.139449756577207,0.137981966137886,0.137981966137886,2470400.0,0.0,0.0
1982-12-07,0.0,0.139449733752931,0.1365141421556472,0.1365141421556472,1587200.0,0.0,0.0
1982-12-08,0.0,0.1365141356346203,0.1335777938365936,0.1335777938365936,1587200.0,0.0,0.0
1982-12-09,0.0,0.1262388798213764,0.1233032867312431,0.1233032867312431,6054400.0,0.0,0.0
1982-12-10,0.0,0.1218346457839761,0.1188990548253059,0.1188990548253059,4032000.0,0.0,0.0
1982-12-13,0.0,0.1218346457839761,0.1188990548253059,0.1188990548253059,4710400.0,0.0,0.0
1982-12-14,0.0,0.1203668899606881,0.1174312978982925,0.1174312978982925,4070400.0,0.0,0.0
1982-12-15,0.0,0.1174312903536714,0.1159634888172149,0.1159634888172149,2406400.0,0.0,0.0
1982-12-16,0.0,0.1203668899606881,0.1174312978982925,0.1174312978982925,1715200.0,0.0,0.0
1982-12-17,0.0,0.1233032322754863,0.1218346804380416,0.1218346804380416,1715200.0,0.0,0.0
1982-12-20,0.0,0.1233032321381057,0.1203668788075447,0.1203668788075447,614400.0,0.0,0.0
1982-12-21,0.0,0.1233032321381057,0.1203668788075447,0.1203668788075447,2636800.0,0.0,0.0
1982-12-22,0.0,0.1247710225727541,0.1218346804380416,0.1218346804380416,1382400.0,0.0,0.0
1982-12-23,0.0,0.1247710776767471,0.1233032867312431,0.1233032867312431,896000.0,0.0,0.0
1982-12-27,0.0,0.1291743994566637,0.1262388080358505,0.1262388080358505,1612800.0,0.0,0.0
1982-12-28,0.0,0.1335778579474019,0.1306422650814056,0.1306422650814056,1318400.0,0.0,0.0
1982-12-29,0.0,0.1365141531946649,0.1350463628768921,0.1350463628768921,4595200.0,0.0,0.0
1982-12-30,0.0,0.1365141531946649,0.1350463628768921,0.1350463628768921,1254400.0,0.0,0.0
1982-12-31,0.0,0.1365141356346203,0.1335777938365936,0.1335777938365936,588800.0,0.0,0.0
1983-01-03,0.0,0.1335778579474019,0.1306422650814056,0.1306422650814056,1062400.0,0.0,0.0
1983-01-04,0.0,0.1335778579474019,0.1306422650814056,0.1306422650814056,985600.0,0.0,0.0
1983-01-05,0.0,0.1350463680450652,0.1321100145578384,0.1321100145578384,5184000.0,0.0,0.0
1983-01-06,0.0,0.1365141356346203,0.1335777938365936,0.1335777938365936,2470400.0,0.0,0.0
1983-01-07,0.0,0.1357798653996507,0.1335777938365936,0.1335777938365936,742400.0,0.0,0.0
1983-01-10,0.0,0.1365141356346203,0.1335777938365936,0.1335777938365936,1523200.0,0.0,0.0
1983-01-11,0.0,0.1365141356346203,0.1335777938365936,0.1335777938365936,1203200.0,0.0,0.0
1983-01-12,0.0,0.1409175582156494,0.137981966137886,0.137981966137886,9971200.0,0.0,0.0
1983-01-13,0.0,0.1467895267344358,0.1438531726598739,0.1438531726598739,7475200.0,0.0,0.0
1983-01-14,0.0,0.154128469340776,0.1526606678962707,0.1526606678962707,7065600.0,0.0,0.0
1983-01-17,0.0,0.157064057669195,0.1555962562561035,0.1555962562561035,6681600.0,0.0,0.0
1983-01-18,0.0,0.157064057669195,0.1555962562561035,0.1555962562561035,3904000.0,0.0,0.0
1983-01-19,0.0,0.1570640688126882,0.1541284769773483,0.1541284769773483,3353600.0,0.0,0.0
1983-01-20,0.0,0.1570640688126882,0.1541284769773483,0.1541284769773483,3596800.0,0.0,0.0
1983-01-21,0.0,0.154128469340776,0.1526606678962707,0.1526606678962707,5312000.0,0.0,0.0
1983-01-24,0.0,0.1497251019546059,0.1482573002576828,0.1482573002576828,5452800.0,0.0,0.0
1983-01-25,0.0,0.1497251019546059,0.1482573002576828,0.1482573002576828,729600.0,0.0,0.0
1983-01-26,0.0,0.1526606105183336,0.1497250199317932,0.1497250199317932,1753600.0,0.0,0.0
1983-01-27,0.0,0.1585326094233007,0.1555962562561035,0.1555962562561035,1958400.0,0.0,0.0
1983-01-28,0.0,0.1673393955900226,0.1658716052770614,0.1658716052770614,3443200.0,0.0,0.0
1983-01-31,0.0,0.1776147333268776,0.1746791303157806,0.1746791303157806,5004800.0,0.0,0.0
1983-02-01,0.0,0.1732113850549257,0.170275792479515,0.170275792479515,4582400.0,0.0,0.0
1983-02-02,0.0,0.1732113735480271,0.1717435717582702,0.1717435717582702,2828800.0,0.0,0.0
1983-02-03,0.0,0.1717435831676587,0.170275792479515,0.170275792479515,2035200.0,0.0,0.0
1983-02-04,0.0,0.1805502992494466,0.1790824979543686,0.1790824979543686,6528000.0,0.0,0.0
1983-02-07,0.0,0.1834866488940633,0.1805503070354461,0.1805503070354461,11148800.0,0.0,0.0
1983-02-08,0.0,0.1834866409814378,0.1790824979543686,0.1790824979543686,4211200.0,0.0,0.0
1983-02-09,0.0,0.1805504011301092,0.1746792038359269,0.1776148080825805,7513600.0,0.0,0.0
1983-02-10,0.0,0.1820188508854785,0.1746791052682531,0.1790824979543686,5465600.0,0.0,0.0
1983-02-11,0.0,0.1834866488940633,0.179082505677071,0.1805503070354461,5696000.0,0.0,0.0
1983-02-14,0.0,0.1878901124000549,0.1805503749063426,0.1878901124000549,8499200.0,0.0,0.0
1983-02-15,0.0,0.1952298058704153,0.1864222577587342,0.1937620043754577,5350400.0,0.0,0.0
1983-02-16,0.0,0.1952298754170769,0.1908257302213816,0.1922935098409652,8614400.0,0.0,0.0
1983-02-17,0.0,0.1952298452756291,0.1893578989686688,0.1908257007598877,5324800.0,0.0,0.0
1983-02-18,0.0,0.1922934801528615,0.1908257007598877,0.1908257007598877,2982400.0,0.0,0.0
1983-02-22,0.0,0.1922934268536078,0.1849544535290734,0.1864222437143325,8985600.0,0.0,0.0
1983-02-23,0.0,0.1893579143101931,0.1834867178687638,0.1878901124000549,8627200.0,0.0,0.0
1983-02-24,0.0,0.1922934957322226,0.1878901124000549,0.1878901124000549,6656000.0,0.0,0.0
1983-02-25,0.0,0.192293442485647,0.1864222588690878,0.1893578618764877,3520000.0,0.0,0.0
1983-02-28,0.0,0.1966975849671324,0.1893578607486493,0.1937620043754577,8716800.0,0.0,0.0
1983-03-01,0.0,0.1937620733992449,0.1908257302213816,0.1922935098409652,5888000.0,0.0,0.0
1983-03-02,0.0,0.1922934072080053,0.184954434633255,0.184954434633255,3340800.0,0.0,0.0
1983-03-03,0.0,0.1878900336675532,0.1790824979543686,0.1790824979543686,8153600.0,0.0,0.0
1983-03-04,0.0,0.180550372093014,0.170275792479515,0.170275792479515,9254400.0,0.0,0.0
1983-03-07,0.0,0.1717435831676587,0.1673394383637246,0.170275792479515,8243200.0,0.0,0.0
1983-03-08,0.0,0.1717435357427255,0.1673393921549431,0.1688071936368942,3699200.0,0.0,0.0
1983-03-09,0.0,0.1776147751948566,0.1688072361426007,0.1732113808393478,2444800.0,0.0,0.0
1983-03-10,0.0,0.1776147333268776,0.1746791303157806,0.1746791303157806,3968000.0,0.0,0.0
1983-03-11,0.0,0.1776147333268776,0.1746791303157806,0.1746791303157806,1177600.0,0.0,0.0
1983-03-14,0.0,0.1776147751948566,0.1702757883353829,0.1732113808393478,4915200.0,0.0,0.0
1983-03-15,0.0,0.1739449009949391,0.1702757883353829,0.1732113808393478,2073600.0,0.0,0.0
1983-03-16,0.0,0.1761469318213291,0.1702757481973757,0.1746791303157806,5158400.0,0.0,0.0
1983-03-17,0.0,0.1761469733433127,0.1732113808393478,0.1732113808393478,742400.0,0.0,0.0
1983-03-18,0.0,0.1746791303157806,0.1732113400093524,0.1746791303157806,2585600.0,0.0,0.0
1983-03-21,0.0,0.1746791303157806,0.1732113400093524,0.1746791303157806,9446400.0,0.0,0.0
1983-03-22,0.0,0.1761469318213291,0.1732113400093524,0.1746791303157806,5004800.0,0.0,0.0
1983-03-23,0.0,0.1908257162203313,0.1746791784649133,0.1878901124000549,6348800.0,0.0,0.0
1983-03-24,0.0,0.1922934801528615,0.1893578989686688,0.1908257007598877,8652800.0,0.0,0.0
1983-03-25,0.0,0.1922934307110754,0.1908256516954916,0.1915599107742309,8025600.0,0.0,0.0
1983-03-28,0.0,0.1922935098409652,0.1908257302213816,0.1922935098409652,2048000.0,0.0,0.0
1983-03-29,0.0,0.1922934801528615,0.1908257007598877,0.1908257007598877,5875200.0,0.0,0.0
1983-03-30,0.0,0.1893578618764877,0.1864222588690878,0.1893578618764877,2316800.0,0.0,0.0
1983-03-31,0.0,0.1908257162203313,0.1864223104899167,0.1878901124000549,4300800.0,0.0,0.0
1983-04-04,0.0,0.1878900606094177,0.1732113400093524,0.1746791303157806,1932800.0,0.0,0.0
1983-04-05,0.0,0.1776148080825805,0.1746792038359269,0.1776148080825805,2444800.0,0.0,0.0
1983-04-06,0.0,0.1776148080825805,0.1746792038359269,0.1776148080825805,9638400.0,0.0,0.0
1983-04-07,0.0,0.1776148080825805,0.1761470059592537,0.1776148080825805,7539200.0,0.0,0.0
1983-04-08,0.0,0.1820188281780833,0.1761468845884785,0.1812845468521118,36915200.0,0.0,0.0
1983-04-11,0.0,0.183486685936189,0.1790825418300921,0.1827524155378341,11430400.0,0.0,0.0
1983-04-12,0.0,0.1893578464830896,0.1820188619594358,0.1864222437143325,26214400.0,0.0,0.0
1983-04-13,0.0,0.1864222734337902,0.1820188909769058,0.1820188909769058,6694400.0,0.0,0.0
1983-04-14,0.0,0.1834866553544998,0.182018865143564,0.1834866553544998,2739200.0,0.0,0.0
1983-04-15,0.0,0.1864222437143325,0.1820188619594358,0.1864222437143325,6003200.0,0.0,0.0
1983-04-18,0.0,0.1864222437143325,0.1820188619594358,0.1864222437143325,2688000.0,0.0,0.0
1983-04-19,0.0,0.1878900750521658,0.1790825373990355,0.1820188909769058,3494400.0,0.0,0.0
1983-04-20,0.0,0.1864222246685577,0.1820188433635312,0.184954434633255,1728000.0,0.0,0.0
1983-04-21,0.0,0.1878900259029788,0.184954434633255,0.184954434633255,2342400.0,0.0,0.0
1983-04-22,0.0,0.1878900259029788,0.184954434633255,0.184954434633255,652800.0,0.0,0.0
1983-04-25,0.0,0.1878900259029788,0.183486633398834,0.184954434633255,7987200.0,0.0,0.0
1983-04-26,0.0,0.1871557748355818,0.1849544535290734,0.1864222437143325,1958400.0,0.0,0.0
1983-04-27,0.0,0.1878900450987111,0.1864222437143325,0.1864222437143325,1088000.0,0.0,0.0
1983-04-28,0.0,0.1893578618764877,0.1864222588690878,0.1893578618764877,921600.0,0.0,0.0
1983-04-29,0.0,0.1937620733992449,0.1849545333491775,0.1922935098409652,5939200.0,0.0,0.0
1983-05-02,0.0,0.1952298452756291,0.1908257007598877,0.1908257007598877,2444800.0,0.0,0.0
1983-05-03,0.0,0.1966975775970952,0.190825655093584,0.1952297985553741,3302400.0,0.0,0.0
1983-05-04,0.0,0.20990851521492,0.196697585013493,0.20990851521492,6208000.0,0.0,0.0
1983-05-05,0.0,0.2289915271411555,0.2069730580894055,0.2245873808860778,9779200.0,0.0,0.0
1983-05-06,0.0,0.2363303446175584,0.2201838135435171,0.2333947420120239,5939200.0,0.0,0.0
1983-05-09,0.0,0.2363303522491666,0.2260550260543823,0.2260550260543823,2419200.0,0.0,0.0
1983-05-10,0.0,0.2275228050063097,0.2260550260543823,0.2260550260543823,2342400.0,0.0,0.0
1983-05-11,0.0,0.2289913678965765,0.2231194233540509,0.2260550260543823,14937600.0,0.0,0.0
1983-05-12,0.0,0.2275228050063097,0.2231194233540509,0.2260550260543823,6233600.0,0.0,0.0
1983-05-13,0.0,0.2253215359137669,0.2216516733169555,0.2216516733169555,1715200.0,0.0,0.0
1983-05-16,0.0,0.2216516507386209,0.2172482685155113,0.2187160700559616,1868800.0,0.0,0.0
1983-05-17,0.0,0.2275228050063097,0.2187160417017921,0.2260550260543823,2009600.0,0.0,0.0
1983-05-18,0.0,0.2348625807073428,0.2260550547448885,0.2319269776344299,2432000.0,0.0,0.0
1983-05-19,0.0,0.2319270244798334,0.2253215578597272,0.2275228798389434,2649600.0,0.0,0.0
1983-05-20,0.0,0.2289914339780807,0.2260550912885275,0.2289914339780807,8448000.0,0.0,0.0
1983-05-23,0.0,0.2289914339780807,0.224587289514789,0.2289914339780807,2035200.0,0.0,0.0
1983-05-24,0.0,0.2363303446175584,0.2289913605019596,0.2333947420120239,2073600.0,0.0,0.0
1983-05-25,0.0,0.2377981096506118,0.2333947064139309,0.2377981096506118,1190400.0,0.0,0.0
1983-05-26,0.0,0.2392660009197374,0.2363304197788238,0.2363304197788238,217600.0,0.0,0.0
1983-05-27,0.0,0.2392658883312713,0.2363303085717182,0.2377981096506118,2060800.0,0.0,0.0
1983-05-31,0.0,0.2377981096506118,0.2363303085717182,0.2377981096506118,5081600.0,0.0,0.0
1983-06-01,0.0,0.2377982215484029,0.2363304197788238,0.2363304197788238,422400.0,0.0,0.0
1983-06-02,0.0,0.2377981096506118,0.2363303085717182,0.2377981096506118,537600.0,0.0,0.0
1983-06-03,0.0,0.2377982215484029,0.2348626180092447,0.2363304197788238,192000.0,0.0,0.0
1983-06-06,0.0,0.2377981096506118,0.2333947064139309,0.2377981096506118,1830400.0,0.0,0.0
1983-06-07,0.0,0.2377981096506118,0.2348625074928245,0.2377981096506118,5209600.0,0.0,0.0
1983-06-08,0.0,0.2363303822437992,0.2319269776344299,0.2319269776344299,2188800.0,0.0,0.0
1983-06-09,0.0,0.2333947791708863,0.2319269776344299,0.2319269776344299,2073600.0,0.0,0.0
1983-06-10,0.0,0.2422023862600326,0.2319270338713466,0.2422023862600326,3072000.0,0.0,0.0
1983-06-13,0.0,0.2466057693209218,0.2407345841549003,0.2436701655387878,832000.0,0.0,0.0
1983-06-14,0.0,0.2480736183381028,0.2451380139982971,0.2473400980234146,3788800.0,0.0,0.0
1983-06-15,0.0,0.252477616071701,0.2451378703800283,0.252477616071701,8857600.0,0.0,0.0
1983-06-16,0.0,0.2612845301628113,0.2524777403656979,0.2612845301628113,6156800.0,0.0,0.0
1983-06-17,0.0,0.2612845301628113,0.2598167281302509,0.2612845301628113,1113600.0,0.0,0.0
1983-06-20,0.0,0.261284478118444,0.2598166763782501,0.2598166763782501,2252800.0,0.0,0.0
1983-06-21,0.0,0.2671563473965792,0.2598166234470807,0.2656885683536529,5568000.0,0.0,0.0
1983-06-22,0.0,0.2759639322757721,0.2656886040629103,0.2759639322757721,11097600.0,0.0,0.0
1983-06-23,0.0,0.2803672324359183,0.2759638512123125,0.2788994312286377,3494400.0,0.0,0.0
1983-06-24,0.0,0.2862384764802576,0.2788994912623579,0.2847706973552704,4326400.0,0.0,0.0
1983-06-27,0.0,0.2862383990080016,0.2774316370487213,0.2774316370487213,4172800.0,0.0,0.0
1983-06-28,0.0,0.2774318146046066,0.245137996536755,0.2466057986021042,3660800.0,0.0,0.0
1983-06-29,0.0,0.2539454698562622,0.2392659754395864,0.2539454698562622,9011200.0,0.0,0.0
1983-06-30,0.0,0.2656886355910012,0.2524777025335719,0.2642208337783813,5900800.0,0.0,0.0
1983-07-01,0.0,0.2693577065692027,0.264220803972918,0.2686241865158081,1920000.0,0.0,0.0
1983-07-05,0.0,0.2686241488377451,0.2642207669124871,0.2656885683536529,5952000.0,0.0,0.0
1983-07-06,0.0,0.2774318183532876,0.2656886849278466,0.2744954526424408,1804800.0,0.0,0.0
1983-07-07,0.0,0.2803672169024031,0.2730274945290964,0.2774316370487213,3148800.0,0.0,0.0
1983-07-08,0.0,0.2774317339142144,0.2759639322757721,0.2759639322757721,934400.0,0.0,0.0
1983-07-11,0.0,0.2759639322757721,0.2759639322757721,0.2759639322757721,204800.0,0.0,0.0
1983-07-12,0.0,0.2774317339142144,0.2759639322757721,0.2759639322757721,3072000.0,0.0,0.0
1983-07-13,0.0,0.2744953328286783,0.2686241494488968,0.2700919508934021,985600.0,0.0,0.0
1983-07-14,0.0,0.2700920258418318,0.2671564221382141,0.2671564221382141,1395200.0,0.0,0.0
1983-07-15,0.0,0.2671564550370104,0.2598167281302509,0.2612845301628113,3353600.0,0.0,0.0
1983-07-18,0.0,0.2612844555243624,0.2480735242611928,0.2539454698562622,4121600.0,0.0,0.0
1983-07-19,0.0,0.2598167139531245,0.2539455285414982,0.2583489120006561,1804800.0,0.0,0.0
1983-07-20,0.0,0.2649542689323425,0.2583488045222831,0.2649542689323425,4864000.0,0.0,0.0
1983-07-21,0.0,0.2744954526424408,0.2642208828426644,0.2744954526424408,3251200.0,0.0,0.0
1983-07-22,0.0,0.2774316370487213,0.2730274945290964,0.2774316370487213,3443200.0,0.0,0.0
1983-07-25,0.0,0.2774317339142144,0.274495369097079,0.2759639322757721,5120000.0,0.0,0.0
1983-07-26,0.0,0.2788994157764448,0.275963835922763,0.2774316370487213,448000.0,0.0,0.0
1983-07-27,0.0,0.2774317339142144,0.2759639322757721,0.2759639322757721,4288000.0,0.0,0.0
1983-07-28,0.0,0.2759639620083213,0.2495413570400305,0.2510091364383697,4480000.0,0.0,0.0
1983-07-29,0.0,0.2524777602022881,0.2495414167642593,0.2495414167642593,1536000.0,0.0,0.0
1983-08-01,0.0,0.252477616071701,0.2495412743099264,0.252477616071701,2137600.0,0.0,0.0
1983-08-02,0.0,0.2539455015718711,0.2495413570400305,0.2510091364383697,614400.0,0.0,0.0
1983-08-03,0.0,0.2554132640361786,0.251009119796335,0.2554132640361786,1356800.0,0.0,0.0
1983-08-04,0.0,0.255413342099802,0.2495414167642593,0.2495414167642593,1996800.0,0.0,0.0
1983-08-05,0.0,0.2517434343116008,0.2407345841549003,0.2436701655387878,14092800.0,0.0,0.0
1983-08-08,0.0,0.2436701073328097,0.2143119262926521,0.2187160700559616,5440000.0,0.0,0.0
1983-08-09,0.0,0.2187160714759106,0.2157797068357467,0.2157797068357467,4172800.0,0.0,0.0
1983-08-10,0.0,0.2260550103891259,0.2187160265451158,0.2231194078922271,6144000.0,0.0,0.0
1983-08-11,0.0,0.2275228050063097,0.2231194233540509,0.2260550260543823,5017600.0,0.0,0.0
1983-08-12,0.0,0.2275228798389434,0.223119496738405,0.2275228798389434,6156800.0,0.0,0.0
1983-08-15,0.0,0.228991443212223,0.226055100404261,0.2275228798389434,5376000.0,0.0,0.0
1983-08-16,0.0,0.2289913678965765,0.2216516220038852,0.2260550260543823,2163200.0,0.0,0.0
1983-08-17,0.0,0.2275228050063097,0.2260550260543823,0.2260550260543823,1574400.0,0.0,0.0
1983-08-18,0.0,0.2289913975828308,0.2187160700559616,0.2187160700559616,4275200.0,0.0,0.0
1983-08-19,0.0,0.2187161074699025,0.2172483056783676,0.2172483056783676,857600.0,0.0,0.0
1983-08-22,0.0,0.2216516507386209,0.2187160700559616,0.2187160700559616,691200.0,0.0,0.0
1983-08-23,0.0,0.2216515871005026,0.2179817259311676,0.2179817259311676,2009600.0,0.0,0.0
1983-08-24,0.0,0.2216516507386209,0.2187160700559616,0.2187160700559616,3865600.0,0.0,0.0
1983-08-25,0.0,0.2201838493347167,0.2187160701915974,0.2201838493347168,960000.0,0.0,0.0
1983-08-26,0.0,0.2231194524174378,0.2187160701915974,0.2201838493347168,960000.0,0.0,0.0
1983-08-29,0.0,0.2245872091406765,0.2216516066437778,0.2231194078922271,1689600.0,0.0,0.0
1983-08-30,0.0,0.2260551832569781,0.2245873808860778,0.2245873808860778,371200.0,0.0,0.0
1983-08-31,0.0,0.2260551832569781,0.2245873808860778,0.2245873808860778,4966400.0,0.0,0.0
1983-09-01,0.0,0.230459245045151,0.226055100404261,0.2275228798389434,2931200.0,0.0,0.0
1983-09-02,0.0,0.2377981096506118,0.2304591266543778,0.2377981096506118,7974400.0,0.0,0.0
1983-09-06,0.0,0.2392660009197374,0.2363304197788238,0.2363304197788238,6092800.0,0.0,0.0
1983-09-07,0.0,0.2392658883312713,0.2363303085717182,0.2377981096506118,7488000.0,0.0,0.0
1983-09-08,0.0,0.2377981837802557,0.2319269776344299,0.2319269776344299,1971200.0,0.0,0.0
1983-09-09,0.0,0.2348625807073428,0.2319269776344299,0.2319269776344299,217600.0,0.0,0.0
1983-09-12,0.0,0.2363303822437992,0.2319269776344299,0.2319269776344299,8051200.0,0.0,0.0
1983-09-13,0.0,0.2333948092104995,0.2297249465251626,0.2304592281579971,5555200.0,0.0,0.0
1983-09-14,0.0,0.2319270074851263,0.2289914264326238,0.2304592281579971,819200.0,0.0,0.0
1983-09-15,0.0,0.2392660009197374,0.228991433329173,0.2363304197788238,1395200.0,0.0,0.0
1983-09-16,0.0,0.2377981459203257,0.2333947420120239,0.2333947420120239,1305600.0,0.0,0.0
1983-09-19,0.0,0.2363303974273435,0.234862595796585,0.234862595796585,2752000.0,0.0,0.0
1983-09-20,0.0,0.2451377660036087,0.2363302451503336,0.2451377660036087,7654400.0,0.0,0.0
1983-09-21,0.0,0.2466057693209218,0.2407345841549003,0.2436701655387878,8140800.0,0.0,0.0
1983-09-22,0.0,0.2466057986021042,0.242202414804306,0.2466057986021042,1600000.0,0.0,0.0
1983-09-23,0.0,0.2466055666886046,0.2451377660036087,0.2451377660036087,2931200.0,0.0,0.0
1983-09-26,0.0,0.2466055666886046,0.2451377660036087,0.2451377660036087,2675200.0,0.0,0.0
1983-09-27,0.0,0.2466055666886046,0.2436699653186128,0.2451377660036087,1817600.0,0.0,0.0
1983-09-28,0.0,0.2466055666886046,0.2436699653186128,0.2451377660036087,972800.0,0.0,0.0
1983-09-29,0.0,0.251009196513891,0.246605812468495,0.2495414167642593,8204800.0,0.0,0.0
1983-09-30,0.0,0.2495414027328024,0.242202414804306,0.2466057986021042,3609600.0,0.0,0.0
1983-10-03,0.0,0.246605769538879,0.2422023862600326,0.2422023862600326,1011200.0,0.0,0.0
1983-10-04,0.0,0.2510091291886745,0.243670142815964,0.248073548078537,1036800.0,0.0,0.0
1983-10-05,0.0,0.2480736006674533,0.2466057986021042,0.2466057986021042,806400.0,0.0,0.0
1983-10-06,0.0,0.2480736006674533,0.2466057986021042,0.2466057986021042,883200.0,0.0,0.0
1983-10-07,0.0,0.2495413498327279,0.2466057463243459,0.248073548078537,1612800.0,0.0,0.0
1983-10-10,0.0,0.2480733673736005,0.2436699653186128,0.2451377660036087,1548800.0,0.0,0.0
1983-10-11,0.0,0.2466055666886046,0.2385323045494773,0.2451377660036087,13990400.0,0.0,0.0
1983-10-12,0.0,0.2436700768451193,0.2363303533174874,0.2392659336328506,704000.0,0.0,0.0
1983-10-13,0.0,0.2392660009197374,0.2363304197788238,0.2363304197788238,384000.0,0.0,0.0
1983-10-14,0.0,0.2377981096506118,0.2348625074928245,0.2377981096506118,1600000.0,0.0,0.0
1983-10-17,0.0,0.2377981096506118,0.2355967888022516,0.2377981096506118,6131200.0,0.0,0.0
1983-10-18,0.0,0.2377981990581019,0.2319269925350681,0.234862595796585,1587200.0,0.0,0.0
1983-10-19,0.0,0.2348626109358728,0.2275228631669549,0.2304592281579971,3225600.0,0.0,0.0
1983-10-20,0.0,0.2289913977248389,0.2157797055686761,0.2201838493347168,11763200.0,0.0,0.0
1983-10-21,0.0,0.223119475006922,0.2187160923352661,0.2216516733169555,1548800.0,0.0,0.0
1983-10-24,0.0,0.2187160714759106,0.2157797068357467,0.2157797068357467,588800.0,0.0,0.0
1983-10-25,0.0,0.2187160714759106,0.2157797068357467,0.2157797068357467,2112000.0,0.0,0.0
1983-10-26,0.0,0.2172483381568259,0.2113763909707498,0.2128441929817199,2905600.0,0.0,0.0
1983-10-27,0.0,0.2143119949926901,0.2099085889597796,0.2128441929817199,1075200.0,0.0,0.0
1983-10-28,0.0,0.2143119126558303,0.2113763097617244,0.2143119126558303,6937600.0,0.0,0.0
1983-10-31,0.0,0.2172483381568259,0.2128441929817199,0.2128441929817199,1638400.0,0.0,0.0
1983-11-01,0.0,0.2143119949926901,0.2128441929817199,0.2128441929817199,2688000.0,0.0,0.0
1983-11-02,0.0,0.2143119197008305,0.20990851521492,0.20990851521492,1651200.0,0.0,0.0
1983-11-03,0.0,0.2113763543506853,0.2069729714788908,0.208440750837326,10649600.0,0.0,0.0
1983-11-04,0.0,0.2084407737171592,0.2055051922798156,0.2055051922798156,1216000.0,0.0,0.0
1983-11-07,0.0,0.202568863107989,0.1922935098409652,0.1922935098409652,2700800.0,0.0,0.0
1983-11-08,0.0,0.1922934072080053,0.183486633398834,0.184954434633255,2828800.0,0.0,0.0
1983-11-09,0.0,0.1893578618764877,0.1849544685645081,0.1893578618764877,8192000.0,0.0,0.0
1983-11-10,0.0,0.1952297726912683,0.1908256298129405,0.1930276900529861,8550400.0,0.0,0.0
1983-11-11,0.0,0.1922935098409652,0.1893579282035495,0.1922935098409652,4736000.0,0.0,0.0
1983-11-14,0.0,0.2011009752750396,0.1908256487910186,0.2011009752750396,17318400.0,0.0,0.0
1983-11-15,0.0,0.2055051922798156,0.1996332454664859,0.2055051922798156,9177600.0,0.0,0.0
1983-11-16,0.0,0.2055051922798156,0.2025688493020764,0.2055051922798156,2316800.0,0.0,0.0
1983-11-17,0.0,0.2128441929817199,0.2069730073360877,0.2128441929817199,10905600.0,0.0,0.0
1983-11-18,0.0,0.2128441929817199,0.2106421091950427,0.2128441929817199,3865600.0,0.0,0.0
1983-11-21,0.0,0.211376367203122,0.1996332356918374,0.2033030986785888,3481600.0,0.0,0.0
1983-11-22,0.0,0.2040366084324756,0.1996332255173618,0.2025688290596008,4544000.0,0.0,0.0
1983-11-23,0.0,0.2025687537435688,0.1952297700148854,0.1996331512928009,7705600.0,0.0,0.0
1983-11-25,0.0,0.199633203425054,0.1981654018163681,0.1981654018163681,1216000.0,0.0,0.0
1983-11-28,0.0,0.1981654570544927,0.1908257302213816,0.1922935098409652,14489600.0,0.0,0.0
1983-11-29,0.0,0.1937620733992449,0.1908257302213816,0.1922935098409652,3814400.0,0.0,0.0
1983-11-30,0.0,0.1937620733992449,0.1908257302213816,0.1922935098409652,6886400.0,0.0,0.0
1983-12-01,0.0,0.1937620043754577,0.1900921198679757,0.1937620043754577,7462400.0,0.0,0.0
1983-12-02,0.0,0.1937620733992449,0.1922935098409652,0.1922935098409652,1062400.0,0.0,0.0
1983-12-05,0.0,0.1937619936650326,0.1893578502816685,0.1915599107742309,499200.0,0.0,0.0
1983-12-06,0.0,0.192293442485647,0.1893578618764877,0.1893578618764877,102400.0,0.0,0.0
1983-12-07,0.0,0.1908257162203313,0.1878901124000549,0.1878901124000549,19558400.0,0.0,0.0
1983-12-08,0.0,0.1893578618764877,0.1878900603727877,0.1893578618764877,12300800.0,0.0,0.0
1983-12-09,0.0,0.1893578464830896,0.1834866521446949,0.1864222437143325,22400000.0,0.0,0.0
1983-12-12,0.0,0.1893578618764877,0.1871557900499677,0.1893578618764877,1548800.0,0.0,0.0
1983-12-13,0.0,0.1893579143101931,0.1878901124000549,0.1878901124000549,7654400.0,0.0,0.0
1983-12-14,0.0,0.1900921210001875,0.1878900603727877,0.1893578618764877,4236800.0,0.0,0.0
1983-12-15,0.0,0.1893579143101931,0.1864223104899167,0.1878901124000549,1062400.0,0.0,0.0
1983-12-16,0.0,0.2055051116154655,0.1878900396300956,0.2040365487337112,22016000.0,0.0,0.0
1983-12-19,0.0,0.2040365556597654,0.2011009752750396,0.2011009752750396,7616000.0,0.0,0.0
1983-12-20,0.0,0.2069729941976109,0.2011010473842812,0.2055051922798156,3494400.0,0.0,0.0
1983-12-21,0.0,0.2201838493347167,0.2055051395756349,0.2201838493347168,4992000.0,0.0,0.0
1983-12-22,0.0,0.2260550103891259,0.2201838053953284,0.2231194078922271,5248000.0,0.0,0.0
1983-12-23,0.0,0.2245872091406765,0.2231194078922271,0.2231194078922271,883200.0,0.0,0.0
1983-12-27,0.0,0.2275228798389434,0.223119496738405,0.2275228798389434,409600.0,0.0,0.0
1983-12-28,0.0,0.2275229632296245,0.2245873808860778,0.2245873808860778,947200.0,0.0,0.0
1983-12-29,0.0,0.2275228903593818,0.2260551108568307,0.2267893701791763,384000.0,0.0,0.0
1983-12-30,0.0,0.2275228050063097,0.2245872247042166,0.2260550260543823,3392000.0,0.0,0.0
