symbol,current_price,current_market_cap,company_name,sector,exchange
A,125.81,35666993086.0,"Agilent Technologies, Inc.",Healthcare,NYSE
AAL,13.88,9162007560.0,American Airlines Group Inc.,Industrials,NASDAQ
AAP,58.85,3532309118.0,"Advance Auto Parts, Inc.",Consumer Cyclical,NYSE
AAPL,255.78,3759435415339.001,Apple Inc.,Technology,NASDAQ
ABBV,231.5,409148470000.0,AbbVie Inc.,Healthcare,NYSE
ABNB,121.35,72751022080.0,"Airbnb, Inc.",Consumer Cyclical,NASDAQ
ABT,112.68,196114917866.0,Abbott Laboratories,Healthcare,NYSE
ACGL,98.38,35675145880.0,Arch Capital Group Ltd.,Financial Services,NASDAQ
ACN,224.23,139053744202.0,Accenture plc,Technology,NYSE
ADBE,263.97,110497840944.0,Adobe Inc.,Technology,NASDAQ
ADI,337.1,165062398458.0,"Analog Devices, Inc.",Technology,NASDAQ
ADM,69.51,33404402280.0,Archer-Daniels-Midland Company,Consumer Defensive,NYSE
ADSK,231.22,49249862081.0,"Autodesk, Inc.",Technology,NASDAQ
AEE,110.97,30016830150.0,Ameren Corporation,Utilities,NYSE
AEP,129.94,70279478340.0,"American Electric Power Company, Inc.",Utilities,NASDAQ
AFG,128.95,10754894220.0,"American Financial Group, Inc.",Financial Services,NYSE
AFL,114.91,60225939740.0,Aflac Incorporated,Financial Services,NYSE
AIG,78.27,42232614851.0,"American International Group, Inc.",Financial Services,NYSE
AIZ,217.48,10891639803.0,"Assurant, Inc.",Financial Services,NYSE
AJG,208.45,53529960000.0,Arthur J. Gallagher & Co.,Financial Services,NYSE
AKAM,111.76,16078378887.0,"Akamai Technologies, Inc.",Technology,NASDAQ
ALB,166.35,19603848450.0,Albemarle Corporation,Basic Materials,NYSE
ALGN,186.77,13400747500.0,"Align Technology, Inc.",Healthcare,NASDAQ
ALK,55.27,6410690806.0,"Alaska Air Group, Inc.",Industrials,NYSE
ALL,207.51,54301631820.0,The Allstate Corporation,Financial Services,NYSE
ALLE,179.5,15442735564.0,Allegion plc,Industrials,NYSE
ALLY,40.8,12568562400.0,Ally Financial Inc.,Financial Services,NYSE
AMAT,354.91,281699683724.0,"Applied Materials, Inc.",Technology,NASDAQ
AMCR,50.09,23125150480.0,Amcor plc,Consumer Cyclical,NYSE
AMD,207.32,338016601200.0,"Advanced Micro Devices, Inc.",Technology,NASDAQ
AMGN,369.19,198801800390.0,Amgen Inc.,Healthcare,NASDAQ
AMP,473.67,44006649550.0,"Ameriprise Financial, Inc.",Financial Services,NYSE
AMT,192.1,89930966278.0,American Tower Corporation,Real Estate,NYSE
AMZN,198.79,2133990771000.0,"Amazon.com, Inc.",Consumer Cyclical,NASDAQ
ANET,141.59,178302173061.0,"Arista Networks, Inc.",Technology,NYSE
ANSS,374.3,32906994733.0,"ANSYS, Inc.",Technology,NASDAQ
AON,321.7,69144672499.0,Aon plc,Financial Services,NYSE
AOS,80.46,11347173869.0,A. O. Smith Corporation,Industrials,NYSE
APA,27.92,9902365488.0,APA Corporation,Energy,NASDAQ
APD,279.74,62285789440.0,"Air Products and Chemicals, Inc.",Basic Materials,NYSE
APH,146.72,180350414530.0,Amphenol Corporation,Technology,NYSE
ARE,52.49,9096517000.0,"Alexandria Real Estate Equities, Inc.",Real Estate,NYSE
ATO,179.25,29654931071.0,Atmos Energy Corporation,Utilities,NYSE
AVB,176.19,24947612479.0,"AvalonBay Communities, Inc.",Real Estate,NYSE
AVGO,325.17,1541720001221.0,Broadcom Inc.,Technology,NASDAQ
AVY,195.8,15134438145.0,Avery Dennison Corporation,Industrials,NYSE
AWK,133.5,26056129500.0,"American Water Works Company, Inc.",Utilities,NYSE
AXP,337.5,232487442000.0,American Express Company,Financial Services,NYSE
AZO,3858.16,64171478938.0,"AutoZone, Inc.",Consumer Cyclical,NYSE
BA,242.96,190807907120.0,The Boeing Company,Industrials,NYSE
BAC,52.55,383746146302.0,Bank of America Corporation,Financial Services,NYSE
BALL,67.29,18032859495.0,Ball Corporation,Consumer Cyclical,NYSE
BAX,19.79,10181757100.0,Baxter International Inc.,Healthcare,NYSE
BBY,65.8,13824664158.0,"Best Buy Co., Inc.",Consumer Cyclical,NYSE
BDX,175.89,63724085139.0,"Becton, Dickinson and Company",Healthcare,NYSE
BEN,27.03,14076235999.0,"Franklin Resources, Inc.",Financial Services,NYSE
BF-B,29.95,14149119046.0,Brown-Forman Corporation,Consumer Defensive,NYSE
BG,122.53,23692529089.0,Bunge Global S.A.,Consumer Defensive,NYSE
BIIB,196.52,28840985923.0,Biogen Inc.,Healthcare,NASDAQ
BILL,46.99,4706362346.0,"Bill.com Holdings, Inc.",Technology,NYSE
BIO,256.56,6920663924.0,"Bio-Rad Laboratories, Inc.",Healthcare,NYSE
BK,117.74,82105884565.0,The Bank of New York Mellon Corporation,Financial Services,NYSE
BKNG,4140.6,133467334389.0,Booking Holdings Inc.,Consumer Cyclical,NASDAQ
BKR,61.2,60480043200.0,Baker Hughes Company,Energy,NASDAQ
BLDR,114.73,12686910058.0,"Builders FirstSource, Inc.",Industrials,NYSE
BLK,1071.51,166245760146.0,"BlackRock, Inc.",Financial Services,NYSE
BMY,60.74,123695187800.0,Bristol-Myers Squibb Company,Healthcare,NYSE
BRO,68.47,23377082313.0,"Brown & Brown, Inc.",Financial Services,NYSE
BSX,74.73,110826070252.0,Boston Scientific Corporation,Healthcare,NYSE
BXP,61.49,9744258810.0,"BXP, Inc.",Real Estate,NYSE
C,110.81,198269008700.0,Citigroup Inc.,Financial Services,NYSE
CAG,19.76,9452580826.0,"Conagra Brands, Inc.",Consumer Defensive,NYSE
CAH,220.79,51955423173.0,"Cardinal Health, Inc.",Healthcare,NYSE
CARR,65.4,54664197600.0,Carrier Global Corporation,Industrials,NYSE
CAT,774.2,362696375993.0,Caterpillar Inc.,Industrials,NYSE
CB,324.95,127884397450.0,Chubb Limited,Financial Services,NYSE
CBOE,274.66,28741662215.0,"Cboe Global Markets, Inc.",Financial Services,CBOE
CBRE,142.31,42350459403.0,"CBRE Group, Inc.",Real Estate,NYSE
CCI,90.38,39358592924.0,Crown Castle Inc.,Real Estate,NYSE
CCK,110.79,12779404920.0,"Crown Holdings, Inc.",Consumer Cyclical,NYSE
CCL,31.77,43916214267.0,Carnival Corporation & plc,Consumer Cyclical,NYSE
CDNS,299.46,81513311460.0,"Cadence Design Systems, Inc.",Technology,NASDAQ
CE,58.85,6444363012.0,Celanese Corporation,Basic Materials,NYSE
CF,94.66,15332361151.0,"CF Industries Holdings, Inc.",Basic Materials,NYSE
CFG,65.1,27959549927.0,"Citizens Financial Group, Inc.",Financial Services,NYSE
CHD,101.45,24714102412.0,"Church & Dwight Co., Inc.",Consumer Defensive,NYSE
CHRW,176.01,20793324700.0,"C.H. Robinson Worldwide, Inc.",Industrials,NASDAQ
CHTR,239.09,30940485556.0,"Charter Communications, Inc.",Communication Services,NASDAQ
CI,291.44,77851148106.0,Cigna Corporation,Healthcare,NYSE
CINF,162.77,25395212630.0,Cincinnati Financial Corporation,Financial Services,NASDAQ
CL,96.67,77922303550.0,Colgate-Palmolive Company,Consumer Defensive,NYSE
CLX,125.94,15362208679.0,The Clorox Company,Consumer Defensive,NYSE
CMA,88.67,11348051950.0,Comerica Incorporated,Financial Services,NYSE
CMCSA,31.57,115037749239.0,Comcast Corporation,Communication Services,NASDAQ
CME,303.07,108957433675.0,CME Group Inc.,Financial Services,NASDAQ
CMG,36.3,47998689258.0,"Chipotle Mexican Grill, Inc.",Consumer Cyclical,NYSE
CMI,601.01,83038546650.0,Cummins Inc.,Industrials,NYSE
CMS,76.74,23514738638.0,CMS Energy Corporation,Utilities,NYSE
CNC,40.58,19945800440.0,Centene Corporation,Healthcare,NYSE
CNP,42.52,27759958968.0,"CenterPoint Energy, Inc.",Utilities,NYSE
COF,207.37,131832089282.0,Capital One Financial Corporation,Financial Services,NYSE
COO,82.99,16499152520.0,"The Cooper Companies, Inc.",Healthcare,NASDAQ
COP,111.43,137696279600.0,ConocoPhillips,Energy,NYSE
COR,360.83,70192505986.0,"Cencora, Inc.",Healthcare,NYSE
COST,1018.48,452072117715.0,Costco Wholesale Corporation,Consumer Defensive,NASDAQ
CPB,29.49,8791978885.0,Campbell Soup Company,Consumer Defensive,NASDAQ
CPRI,20.42,2433285283.0,Capri Holdings Limited,Consumer Cyclical,NYSE
CPRT,37.49,36290982973.0,"Copart, Inc.",Industrials,NASDAQ
CPT,108.53,11569556410.0,Camden Property Trust,Real Estate,NYSE
CRM,189.72,180613447589.0,"Salesforce, Inc.",Technology,NYSE
CRWD,429.64,108311573762.0,"CrowdStrike Holdings, Inc.",Technology,NASDAQ
CSCO,76.85,303641617167.0,"Cisco Systems, Inc.",Technology,NASDAQ
CSX,40.87,76105537392.0,CSX Corporation,Industrials,NASDAQ
CTRA,31.37,23884413242.0,Coterra Energy Inc.,Energy,NYSE
CTSH,66.55,32120122113.0,Cognizant Technology Solutions Corporation,Technology,NASDAQ
CTVA,75.03,50459475945.0,"Corteva, Inc.",Basic Materials,NYSE
CVS,78.48,99843040800.0,CVS Health Corporation,Healthcare,NYSE
CVX,183.71,367301237364.0,Chevron Corporation,Energy,NYSE
D,66.51,56793772053.0,"Dominion Energy, Inc.",Utilities,NYSE
DAL,69.0,45066018783.0,"Delta Air Lines, Inc.",Industrials,NYSE
DD,50.22,21040941022.0,"DuPont de Nemours, Inc.",Basic Materials,NYSE
DDOG,125.2,43903975396.0,"Datadog, Inc.",Technology,NASDAQ
DE,602.92,163436212217.0,Deere & Company,Industrials,NYSE
DELL,117.49,78741822908.0,Dell Technologies Inc.,Technology,NYSE
DFS,200.05,50343181050.0,Discover Financial Services,Financial Services,NYSE
DG,153.84,33863087115.0,Dollar General Corporation,Consumer Defensive,NYSE
DGX,206.87,23012706186.0,Quest Diagnostics Incorporated,Healthcare,NYSE
DHI,167.78,48840683506.0,"D.R. Horton, Inc.",Consumer Cyclical,NYSE
DHR,212.58,150272802000.0,Danaher Corporation,Healthcare,NYSE
DIS,105.45,187003649976.0,The Walt Disney Company,Communication Services,NYSE
DLR,180.97,62163556940.0,"Digital Realty Trust, Inc.",Real Estate,NYSE
DLTR,126.06,25712185280.0,"Dollar Tree, Inc.",Consumer Defensive,NASDAQ
DOCU,44.82,8976235860.0,"DocuSign, Inc.",Technology,NASDAQ
DOV,231.63,31768801043.0,Dover Corporation,Industrials,NYSE
DOW,32.49,23312679660.0,Dow Inc.,Basic Materials,NYSE
DPZ,375.5,12686724859.0,"Domino's Pizza, Inc.",Consumer Cyclical,NASDAQ
DRI,211.5,24600359817.0,"Darden Restaurants, Inc.",Consumer Cyclical,NYSE
DTE,144.94,30101575759.0,DTE Energy Company,Utilities,NYSE
DUK,128.2,99696168917.0,Duke Energy Corporation,Utilities,NYSE
DVA,148.95,9957158550.0,DaVita Inc.,Healthcare,NYSE
DVN,44.66,28015216616.0,Devon Energy Corporation,Energy,NYSE
DXCM,70.02,27308937195.0,"DexCom, Inc.",Healthcare,NASDAQ
EA,200.62,50205899902.0,Electronic Arts Inc.,Technology,NASDAQ
EBAY,82.38,37235760000.0,eBay Inc.,Consumer Cyclical,NASDAQ
ECL,299.17,84852064026.0,Ecolab Inc.,Basic Materials,NYSE
ED,113.72,41045597342.0,"Consolidated Edison, Inc.",Utilities,NYSE
EIX,71.46,27496883022.0,Edison International,Utilities,NYSE
EL,108.24,39080301926.0,The Estée Lauder Companies Inc.,Consumer Defensive,NYSE
ELV,346.8,76540494000.0,Elevance Health Inc.,Healthcare,NYSE
EMN,80.08,9134725600.0,Eastman Chemical Company,Basic Materials,NYSE
EMR,148.13,83293806518.0,Emerson Electric Co.,Industrials,NYSE
EOG,120.73,65917784027.0,"EOG Resources, Inc.",Energy,NYSE
EQIX,956.19,93950352831.0,"Equinix, Inc.",Real Estate,NASDAQ
EQR,63.86,24297115683.0,Equity Residential,Real Estate,NYSE
EQT,58.7,36632957251.0,EQT Corporation,Energy,NYSE
ES,73.36,27523865040.0,Eversource Energy,Utilities,NYSE
ESS,251.16,16175708640.0,"Essex Property Trust, Inc.",Real Estate,NYSE
ESTC,61.57,6487815610.0,Elastic N.V.,Technology,NYSE
ETN,389.25,151184700000.0,Eaton Corporation plc,Industrials,NYSE
ETSY,45.73,4513825746.0,"Etsy, Inc.",Consumer Cyclical,NYSE
EVRG,82.69,19036407567.0,"Evergy, Inc.",Utilities,NASDAQ
EW,75.87,44543279048.0,Edwards Lifesciences Corporation,Healthcare,NYSE
EXAS,103.24,19607018691.0,Exact Sciences Corporation,Healthcare,NASDAQ
EXC,48.48,48964181977.0,Exelon Corporation,Utilities,NASDAQ
EXPD,146.5,19882763620.0,"Expeditors International of Washington, Inc.",Industrials,NYSE
EXR,146.36,31064555809.0,Extra Space Storage Inc.,Real Estate,NYSE
F,14.12,55330914400.0,Ford Motor Company,Consumer Cyclical,NYSE
FAF,67.22,6849718000.0,First American Financial Corporation,Financial Services,NYSE
FANG,169.14,48463007640.0,"Diamondback Energy, Inc.",Energy,NASDAQ
FAST,46.41,53286997136.0,Fastenal Company,Industrials,NASDAQ
FCX,62.84,90233882674.0,Freeport-McMoRan Inc.,Basic Materials,NYSE
FDS,205.79,7700648629.0,FactSet Research Systems Inc.,Financial Services,NYSE
FDX,374.72,88417229971.0,FedEx Corporation,Industrials,NYSE
FE,50.1,28941044306.0,FirstEnergy Corp.,Utilities,NYSE
FFIV,273.93,15562261884.0,"F5, Inc.",Technology,NASDAQ
FITB,52.86,34948508675.0,Fifth Third Bancorp,Financial Services,NASDAQ
FMC,14.34,1791353761.0,FMC Corporation,Basic Materials,NYSE
FNF,56.74,15395645663.0,"Fidelity National Financial, Inc.",Financial Services,NYSE
FOX,51.56,22970054607.0,Fox Corporation,Communication Services,NASDAQ
FOXA,56.35,25104006538.0,Fox Corporation,Communication Services,NASDAQ
FRT,104.8,9041724800.0,Federal Realty Investment Trust,Real Estate,NYSE
FTI,61.36,25219969617.0,TechnipFMC plc,Energy,NYSE
FTNT,85.56,65561722810.0,"Fortinet, Inc.",Technology,NASDAQ
FTV,56.9,18072122800.0,Fortive Corporation,Technology,NYSE
GD,347.64,93998295819.0,General Dynamics Corporation,Industrials,NYSE
GE,315.41,332698830751.0,GE Aerospace,Industrials,NYSE
GILD,154.98,192280586400.0,"Gilead Sciences, Inc.",Healthcare,NASDAQ
GIS,48.34,25793357796.0,"General Mills, Inc.",Consumer Defensive,NYSE
GL,144.25,11483136650.0,Globe Life Inc.,Financial Services,NYSE
GLW,133.46,114501740080.0,Corning Incorporated,Technology,NYSE
GM,81.08,75636396393.0,General Motors Company,Consumer Cyclical,NYSE
GNRC,224.45,13171638614.0,Generac Holdings Inc.,Industrials,NYSE
GOOG,306.02,3701924057206.0,Alphabet Inc.,Technology,NASDAQ
GOOGL,305.72,3698295046055.001,Alphabet Inc.,Technology,NASDAQ
GPC,147.16,20471501180.0,Genuine Parts Company,Consumer Cyclical,NYSE
GS,905.14,274004967403.0,"The Goldman Sachs Group, Inc.",Financial Services,NYSE
HAL,33.96,28581640185.0,Halliburton Company,Energy,NYSE
HBAN,17.26,27181048000.0,Huntington Bancshares Incorporated,Financial Services,NASDAQ
HCA,540.29,120820838438.0,"HCA Healthcare, Inc.",Healthcare,NYSE
HD,391.05,389294576550.0,"The Home Depot, Inc.",Consumer Cyclical,NYSE
HES,148.97,46072102062.0,Hess Corporation,Oil & Gas Exploration & Production,NYSE
HIG,141.25,39394664409.0,"The Hartford Financial Services Group, Inc.",Insurance - Diversified,NYSE
HLT,314.62,73128755073.0,Hilton Worldwide Holdings Inc.,Travel Lodging,NYSE
HOLX,75.04,16752297671.0,"Hologic, Inc.",Medical - Instruments & Supplies,NASDAQ
HON,241.38,153249074267.0,Honeywell International Inc.,Conglomerates,NASDAQ
HPE,22.69,30280556538.0,Hewlett Packard Enterprise Company,Communication Equipment,NYSE
HPQ,19.26,18002358267.0,HP Inc.,Computer Hardware,NYSE
HRL,23.78,13081544460.0,Hormel Foods Corporation,Packaged Foods,NYSE
HSIC,78.19,9481976822.0,"Henry Schein, Inc.",Medical - Distribution,NASDAQ
HST,19.89,13678134210.0,"Host Hotels & Resorts, Inc.",REIT - Hotel & Motel,NASDAQ
HSY,222.58,45135912900.0,The Hershey Company,Food Confectioners,NYSE
HUBB,524.12,27854252576.0,Hubbell Incorporated,Electrical Equipment & Parts,NYSE
HUBS,243.85,12860770925.0,"HubSpot, Inc.",Software - Application,NYSE
HUM,184.1,22142271819.0,Humana Inc.,Medical - Healthcare Plans,NYSE
HUN,13.21,2295251053.0,Huntsman Corporation,Chemicals,NYSE
HWM,250.21,100709531505.0,Howmet Aerospace Inc.,Industrial - Machinery,NYSE
IBM,262.38,245255823350.0,International Business Machines Corporation,Information Technology Services,NYSE
ICE,152.28,86826786701.0,"Intercontinental Exchange, Inc.",Financial - Data & Stock Exchanges,NYSE
IDXX,629.35,50254434536.0,"IDEXX Laboratories, Inc.",Medical - Diagnostics & Research,NASDAQ
IEX,210.41,15841198058.0,IDEX Corporation,Industrial - Machinery,NYSE
IFF,83.0,21255999457.0,International Flavors & Fragrances Inc.,Chemicals - Specialty,NYSE
ILMN,116.81,17860249000.0,"Illumina, Inc.",Medical - Diagnostics & Research,NASDAQ
INCY,101.1,20120315400.0,Incyte Corporation,Biotechnology,NASDAQ
INTC,46.79,233716050000.0,Intel Corporation,Semiconductors,NASDAQ
INTU,399.4,111192956805.0,Intuit Inc.,Software - Application,NASDAQ
INVH,26.99,16545425697.0,Invitation Homes Inc.,REIT - Residential,NYSE
IP,49.1,25926681365.0,International Paper Company,Packaging & Containers,NYSE
IPG,24.57,8927760777.0,"The Interpublic Group of Companies, Inc.",Advertising Agencies,NYSE
IQV,166.94,28429882000.0,IQVIA Holdings Inc.,Medical - Diagnostics & Research,NYSE
IR,98.52,38926274539.0,Ingersoll Rand Inc.,Industrial - Machinery,NYSE
IRM,109.83,32491558050.0,Iron Mountain Incorporated,REIT - Specialty,NYSE
ISRG,485.84,172536474344.0,"Intuitive Surgical, Inc.",Medical - Instruments & Supplies,NASDAQ
ITW,299.6,87333404494.0,Illinois Tool Works Inc.,Industrial - Machinery,NYSE
IVZ,26.52,11803863337.0,Invesco Ltd.,Asset Management,NYSE
JAZZ,166.31,10105846442.0,Jazz Pharmaceuticals plc,Biotechnology,NASDAQ
JBHT,221.76,21115619300.0,"J.B. Hunt Transport Services, Inc.",Integrated Freight & Logistics,NASDAQ
JCI,139.24,85224098523.0,Johnson Controls International plc,Construction,NYSE
JNJ,243.45,586689895969.0,Johnson & Johnson,Drug Manufacturers - General,NYSE
JNPR,39.95,13358600850.0,"Juniper Networks, Inc.",Communication Equipment,NYSE
JPM,302.55,823620403196.0,JPMorgan Chase & Co.,Banks - Diversified,NYSE
K,83.44,29031498564.0,Kellanova,Food Confectioners,NYSE
KBH,66.36,4192200826.0,KB Home,Residential Construction,NYSE
KEY,21.7,23922101700.0,KeyCorp,Banks - Regional,NYSE
KEYS,233.51,40121016158.0,"Keysight Technologies, Inc.","Hardware, Equipment & Parts",NYSE
KHC,24.8,29356752000.0,The Kraft Heinz Company,Packaged Foods,NASDAQ
KIM,22.71,15379076081.0,Kimco Realty Corporation,REIT - Retail,NYSE
KLAC,1464.13,192375455051.0,KLA Corporation,Semiconductors,NASDAQ
KMB,109.41,36312425822.0,Kimberly-Clark Corporation,Household & Personal Products,NASDAQ
KMI,32.32,71904255805.0,"Kinder Morgan, Inc.",Oil & Gas Midstream,NYSE
KO,78.68,338450674800.0,The Coca-Cola Company,Beverages - Non-Alcoholic,NYSE
KR,71.25,47215820753.0,The Kroger Co.,Grocery Stores,NYSE
LDOS,176.3,22540866824.0,"Leidos Holdings, Inc.",Information Technology Services,NYSE
LEN,122.28,31517199589.0,Lennar Corporation,Residential Construction,NYSE
LH,282.63,23430027000.0,Labcorp Holdings Inc.,Medical - Equipment & Services,NYSE
LIN,481.0,224602469000.0,Linde plc,Chemicals - Specialty,NASDAQ
LLY,1040.0,932315069920.0,Eli Lilly and Company,Drug Manufacturers - General,NYSE
LMT,652.58,151005576977.0,Lockheed Martin Corporation,Aerospace & Defense,NYSE
LNC,40.88,7764708364.0,Lincoln National Corporation,Insurance - Life,NYSE
LNT,71.19,18299652120.0,Alliant Energy Corporation,Regulated Electric,NASDAQ
LOW,287.39,161211839227.0,"Lowe's Companies, Inc.",Home Improvement,NYSE
LRCX,235.53,294123033630.0,Lam Research Corporation,Semiconductors,NASDAQ
LUMN,8.39,8605150979.0,"Lumen Technologies, Inc.",Telecommunications Services,NYSE
LUV,51.11,26431795168.0,Southwest Airlines Co.,"Airlines, Airports & Air Services",NYSE
LVS,57.15,38641086446.0,Las Vegas Sands Corp.,"Gambling, Resorts & Casinos",NYSE
LW,49.82,6942540255.0,"Lamb Weston Holdings, Inc.",Packaged Foods,NYSE
LYV,158.27,36751757523.0,"Live Nation Entertainment, Inc.",Entertainment,NYSE
MA,518.36,462603976625.0,Mastercard Incorporated,Financial - Credit Services,NYSE
MAA,135.55,15845933261.0,"Mid-America Apartment Communities, Inc.",REIT - Residential,NYSE
MAR,353.89,93775541650.0,"Marriott International, Inc.",Travel Lodging,NASDAQ
MCD,327.58,233762520835.0,McDonald's Corporation,Restaurants,NYSE
MCHP,78.56,42511565600.0,Microchip Technology Incorporated,Semiconductors,NASDAQ
MCK,934.75,115373055479.0,McKesson Corporation,Medical - Distribution,NYSE
MCO,426.44,76485697162.0,Moody's Corporation,Financial - Data & Stock Exchanges,NYSE
MDB,368.4,29984724384.0,"MongoDB, Inc.",Software - Infrastructure,NASDAQ
MDLZ,62.59,80763543522.0,"Mondelez International, Inc.",Food Confectioners,NASDAQ
MDT,99.49,127607476585.0,Medtronic plc,Medical - Devices,NYSE
MET,77.31,50938940520.0,"MetLife, Inc.",Insurance - Life,NYSE
META,639.77,1612855671777.0,"Meta Platforms, Inc.",Internet Content & Information,NASDAQ
MGM,34.14,9337509862.0,MGM Resorts International,"Gambling, Resorts & Casinos",NYSE
MKC,71.49,19190650421.0,"McCormick & Company, Incorporated",Packaged Foods,NYSE
MKTX,179.36,6701565787.0,MarketAxess Holdings Inc.,Financial - Capital Markets,NASDAQ
MLM,678.86,40940107097.0,"Martin Marietta Materials, Inc.",Construction Materials,NYSE
MMC,182.7,89819709368.0,"Marsh & McLennan Companies, Inc.",Insurance - Brokers,NYSE
MMM,171.82,90497594000.0,3M Company,Conglomerates,NYSE
MO,67.25,112890666983.0,"Altria Group, Inc.",Tobacco,NYSE
MOH,135.35,6970525000.0,"Molina Healthcare, Inc.",Medical - Healthcare Plans,NYSE
MOS,29.65,9411143553.0,The Mosaic Company,Agricultural Inputs,NYSE
MPC,203.26,61100461914.0,Marathon Petroleum Corporation,Oil & Gas Refining & Marketing,NYSE
MRK,121.41,303255879559.0,"Merck & Co., Inc.",Drug Manufacturers - General,NYSE
MRNA,42.23,16500681448.0,"Moderna, Inc.",Biotechnology,NASDAQ
MRO,28.55,15971155043.0,Marathon Oil Corporation,Oil & Gas Exploration & Production,NYSE
MS,171.15,272010280876.0,Morgan Stanley,Financial - Capital Markets,NYSE
MSCI,526.06,39527902730.0,MSCI Inc.,Financial - Data & Stock Exchanges,NYSE
MSFT,401.32,2980053831600.0,Microsoft Corporation,Software - Infrastructure,NASDAQ
MTB,228.71,35150618523.0,M&T Bank Corporation,Banks - Regional,NYSE
MTCH,30.5,7200140765.0,"Match Group, Inc.",Software - Application,NASDAQ
MTD,1360.95,27802088140.0,Mettler-Toledo International Inc.,Medical - Diagnostics & Research,NYSE
MTH,80.6,5674780020.0,Meritage Homes Corporation,Residential Construction,NYSE
MU,411.66,463327142383.0,"Micron Technology, Inc.",Semiconductors,NASDAQ
NCLH,21.49,9783483439.0,Norwegian Cruise Line Holdings Ltd.,Travel Services,NYSE
NDAQ,79.47,45599510504.0,"Nasdaq, Inc.",Financial - Data & Stock Exchanges,NASDAQ
NEE,93.8,195348818000.0,"NextEra Energy, Inc.",Regulated Electric,NYSE
NEM,125.8,137280883010.0,Newmont Corporation,Gold,NYSE
NET,195.85,68917075805.0,"Cloudflare, Inc.",Software - Infrastructure,NYSE
NFLX,76.87,325723045146.0,"Netflix, Inc.",Entertainment,NASDAQ
NI,46.36,21939060044.0,NiSource Inc.,Regulated Gas,NYSE
NKE,63.13,93294964664.0,"NIKE, Inc.",Apparel - Footwear & Accessories,NYSE
NOC,702.57,99710139540.0,Northrop Grumman Corporation,Aerospace & Defense,NYSE
NOV,19.2,7003255296.0,NOV Inc.,Oil & Gas Equipment & Services,NYSE
NOW,107.08,112005680000.0,"ServiceNow, Inc.",Software - Application,NYSE
NSC,314.94,70726713554.0,Norfolk Southern Corporation,Railroads,NYSE
NTAP,102.42,20444914889.0,"NetApp, Inc.",Computer Hardware,NASDAQ
NTRS,146.38,27683000913.0,Northern Trust Corporation,Asset Management,NASDAQ
NUE,183.23,41933834570.0,Nucor Corporation,Steel,NYSE
NVDA,182.81,4450875342753.0,NVIDIA Corporation,Semiconductors,NASDAQ
NVR,7501.97,21301318677.0,"NVR, Inc.",Residential Construction,NYSE
NWS,26.0,14415493118.0,News Corporation,Entertainment,NASDAQ
NWSA,22.72,12829837592.0,News Corporation,Entertainment,NASDAQ
NXPI,244.43,61516790947.0,NXP Semiconductors N.V.,Semiconductors,NASDAQ
NYT,72.94,11876004804.0,The New York Times Company,Publishing,NYSE
O,65.66,60401027960.0,Realty Income Corporation,REIT - Retail,NYSE
ODFL,193.21,40399909399.0,"Old Dominion Freight Line, Inc.",Trucking,NASDAQ
OKE,86.11,54183167520.0,"ONEOK, Inc.",Oil & Gas Midstream,NYSE
OKTA,87.26,14787014155.0,"Okta, Inc.",Software - Infrastructure,NASDAQ
OMC,69.0,13315686930.0,Omnicom Group Inc.,Advertising Agencies,NYSE
ORCL,160.14,460256772600.0,Oracle Corporation,Software - Infrastructure,NYSE
ORI,42.57,10533946500.0,Old Republic International Corporation,Insurance - Diversified,NYSE
ORLY,96.66,81591099310.0,"O'Reilly Automotive, Inc.",Auto - Parts,NASDAQ
OTIS,89.83,35008176063.0,Otis Worldwide Corporation,Industrial - Machinery,NYSE
OXY,46.07,45388644694.0,Occidental Petroleum Corporation,Oil & Gas Exploration & Production,NYSE
PANW,166.95,116364150000.0,"Palo Alto Networks, Inc.",Software - Infrastructure,NASDAQ
PARA,11.04,6994082703.0,Paramount Global,Entertainment,NASDAQ
PCAR,127.0,66700907873.0,PACCAR Inc,Agricultural - Machinery,NASDAQ
PEG,86.37,43111928907.0,Public Service Enterprise Group Incorporated,Regulated Electric,NYSE
PEP,165.94,226896428971.0,"PepsiCo, Inc.",Beverages - Non-Alcoholic,NASDAQ
PFE,27.58,156811814284.0,Pfizer Inc.,Drug Manufacturers - General,NYSE
PFG,90.39,19858140660.0,"Principal Financial Group, Inc.",Insurance - Diversified,NASDAQ
PG,160.07,374040939188.0,The Procter & Gamble Company,Household & Personal Products,NYSE
PGR,204.53,119935778410.0,The Progressive Corporation,Insurance - Property & Casualty,NYSE
PH,1001.75,126437407926.0,Parker-Hannifin Corporation,Industrial - Machinery,NYSE
PHM,142.56,27418263428.0,"PulteGroup, Inc.",Residential Construction,NYSE
PINS,15.42,10417101816.0,"Pinterest, Inc.",Internet Content & Information,NYSE
PKG,246.31,22162251373.0,Packaging Corporation of America,Packaging & Containers,NYSE
PLD,138.97,129084646990.0,"Prologis, Inc.",REIT - Industrial,NYSE
PLTR,131.41,300184332517.0,Palantir Technologies Inc.,Software - Infrastructure,NASDAQ
PM,187.51,291892987858.0,Philip Morris International Inc.,Tobacco,NYSE
PNC,229.32,89434800000.0,"The PNC Financial Services Group, Inc.",Banks - Regional,NYSE
PNR,101.37,16588377376.0,Pentair plc,Industrial - Machinery,NYSE
PNW,99.39,11896028757.0,Pinnacle West Capital Corporation,Regulated Electric,NYSE
PODD,242.74,17076006021.0,Insulet Corporation,Medical - Devices,NASDAQ
POOL,265.83,9920246332.0,Pool Corporation,Industrial - Distribution,NASDAQ
PPG,131.34,29472696000.0,"PPG Industries, Inc.",Chemicals - Specialty,NYSE
PPL,37.82,27976928980.0,PPL Corporation,Regulated Electric,NYSE
PRU,104.61,36404281255.0,"Prudential Financial, Inc.",Insurance - Life,NYSE
PSA,300.35,52713227100.0,Public Storage,REIT - Industrial,NYSE
PSX,159.77,64374709739.0,Phillips 66,Oil & Gas Refining & Marketing,NYSE
PWR,524.08,78148654059.0,"Quanta Services, Inc.",Engineering & Construction,NYSE
QCOM,140.7,150273949650.0,QUALCOMM Incorporated,Semiconductors,NASDAQ
RBLX,63.17,44768960484.0,Roblox Corporation,Electronic Gaming & Multimedia,NYSE
RCL,319.61,87161782114.0,Royal Caribbean Cruises Ltd.,Travel Services,NYSE
REG,76.18,13933398180.0,Regency Centers Corporation,REIT - Retail,NASDAQ
REGN,803.17,83451499432.0,"Regeneron Pharmaceuticals, Inc.",Biotechnology,NASDAQ
RF,29.74,26078306277.0,Regions Financial Corporation,Banks - Regional,NYSE
RGA,219.74,14439957444.0,"Reinsurance Group of America, Incorporated",Insurance - Reinsurance,NYSE
RJF,158.68,31334522780.0,"Raymond James Financial, Inc.",Financial - Capital Markets,NYSE
RL,369.18,22387318490.0,Ralph Lauren Corporation,Apparel - Manufacturers,NYSE
RMD,252.55,36863786792.0,ResMed Inc.,Medical - Instruments & Supplies,NYSE
ROK,394.37,44340272802.0,"Rockwell Automation, Inc.",Industrial - Machinery,NYSE
ROKU,90.06,13306524586.0,"Roku, Inc.",Entertainment,NASDAQ
ROP,321.41,34595747983.0,"Roper Technologies, Inc.",Industrial - Machinery,NASDAQ
ROST,196.54,63919968158.0,"Ross Stores, Inc.",Apparel - Retail,NASDAQ
RSG,223.17,69677203434.0,"Republic Services, Inc.",Waste Management,NYSE
RTX,200.06,268538072461.0,RTX Corporation,Aerospace & Defense,NYSE
RVTY,96.03,11146448801.0,"Revvity, Inc.",Medical - Diagnostics & Research,NYSE
SBAC,200.77,21394653510.0,SBA Communications Corporation,REIT - Specialty,NASDAQ
SBUX,93.79,106854947000.0,Starbucks Corporation,Restaurants,NASDAQ
SCHW,93.72,170122362824.0,The Charles Schwab Corporation,Financial - Capital Markets,NYSE
SEE,41.93,6175073030.0,Sealed Air Corporation,Packaging & Containers,NYSE
SHW,368.89,91445617660.0,The Sherwin-Williams Company,Chemicals - Specialty,NYSE
SIRI,21.29,7165397486.0,Sirius XM Holdings Inc.,Entertainment,NASDAQ
SJM,110.53,11792923963.0,The J. M. Smucker Company,Packaged Foods,NYSE
SLB,50.39,75349678700.0,SLB N.V.,Oil & Gas Equipment & Services,NYSE
SLG,40.55,2880100245.0,SL Green Realty Corp.,REIT - Office,NYSE
SLGN,48.65,5205218791.0,Silgan Holdings Inc.,Packaging & Containers,NYSE
SNAP,4.83,8157637629.0,Snap Inc.,Internet Content & Information,NYSE
SNOW,182.29,62379638000.0,Snowflake Inc.,Software - Application,NYSE
SNPS,437.09,83623184620.0,"Synopsys, Inc.",Software - Infrastructure,NASDAQ
SO,94.95,104549904843.0,The Southern Company,Regulated Electric,NYSE
SPG,196.83,64257515460.0,"Simon Property Group, Inc.",REIT - Retail,NYSE
SPGI,409.54,124008718143.0,S&P Global Inc.,Financial - Data & Stock Exchanges,NYSE
SPY,681.75,695919520634.0,SPDR S&P 500 ETF Trust,Asset Management,AMEX
SRE,94.78,61861154560.0,Sempra,Diversified Utilities,NYSE
STT,127.97,35743612819.0,State Street Corporation,Asset Management,NYSE
STX,425.99,92896917270.0,Seagate Technology Holdings plc,Computer Hardware,NASDAQ
STZ,149.3,25992215388.0,"Constellation Brands, Inc.",Beverages - Wineries & Distilleries,NYSE
SWK,91.06,14103824822.0,"Stanley Black & Decker, Inc.",Manufacturing - Tools & Accessories,NYSE
SYF,71.38,25709014403.0,Synchrony Financial,Financial - Credit Services,NYSE
SYK,366.05,140083183261.0,Stryker Corporation,Medical - Devices,NYSE
SYY,90.56,43371959573.0,Sysco Corporation,Food Distribution,NYSE
T,28.69,203396317172.0,AT&T Inc.,Telecommunications Services,NYSE
TAP,53.22,10524564474.0,Molson Coors Beverage Company,Beverages - Alcoholic,NYSE
TAP-A,55.92,11277729749.0,Molson Coors Beverage Company,Beverages - Alcoholic,NYSE
TEAM,84.38,22198899578.0,Atlassian Corporation,Software - Application,NASDAQ
TECH,59.93,9376228290.0,Bio-Techne Corporation,Biotechnology,NASDAQ
TEL,236.19,69330149273.0,TE Connectivity Ltd.,"Hardware, Equipment & Parts",NYSE
TFC,51.9,66392887278.0,Truist Financial Corporation,Banks - Regional,NYSE
TJX,154.46,171904532454.0,"The TJX Companies, Inc.",Apparel - Retail,NYSE
TMO,504.82,189664942344.0,Thermo Fisher Scientific Inc.,Medical - Diagnostics & Research,NYSE
TMUS,219.5,245512208358.0,"T-Mobile US, Inc.",Telecommunications Services,NASDAQ
TOL,166.12,15781898194.0,"Toll Brothers, Inc.",Residential Construction,NYSE
TPR,153.8,31475134318.0,"Tapestry, Inc.",Luxury Goods,NYSE
TRGP,223.89,48059905894.0,Targa Resources Corp.,Oil & Gas Midstream,NYSE
TRMB,66.4,15797951877.0,Trimble Inc.,"Hardware, Equipment & Parts",NASDAQ
TROW,93.76,20495936000.0,"T. Rowe Price Group, Inc.",Asset Management,NASDAQ
TRV,294.21,65627488210.0,"The Travelers Companies, Inc.",Insurance - Property & Casualty,NYSE
TSCO,55.03,29078072120.0,Tractor Supply Company,Specialty Retail,NASDAQ
TSLA,417.44,1388330300800.0,"Tesla, Inc.",Auto - Manufacturers,NASDAQ
TSN,63.94,22778578835.0,"Tyson Foods, Inc.",Agricultural Farm Products,NYSE
TT,465.27,103168507787.0,Trane Technologies plc,Construction,NYSE
TTWO,193.67,35862842250.0,"Take-Two Interactive Software, Inc.",Electronic Gaming & Multimedia,NASDAQ
TWLO,113.0,17337997252.0,Twilio Inc.,Internet Content & Information,NYSE
TXN,226.16,205494176775.0,Texas Instruments Incorporated,Semiconductors,NASDAQ
TXT,98.09,17083593445.0,Textron Inc.,Aerospace & Defense,NYSE
UAA,7.19,3073006820.0,"Under Armour, Inc.",Apparel - Manufacturers,NYSE
UAL,109.29,35381324818.0,"United Airlines Holdings, Inc.","Airlines, Airports & Air Services",NASDAQ
UDR,38.09,12588211740.0,"UDR, Inc.",REIT - Residential,NYSE
UHS,234.81,15139191129.0,"Universal Health Services, Inc.",Medical - Care Facilities,NYSE
ULTA,683.4,30642537958.0,"Ulta Beauty, Inc.",Specialty Retail,NASDAQ
UNH,293.19,265582824998.0,UnitedHealth Group Incorporated,Medical - Healthcare Plans,NYSE
UNP,260.68,154685165880.0,Union Pacific Corporation,Railroads,NYSE
UPS,119.24,101161496798.0,"United Parcel Service, Inc.",Integrated Freight & Logistics,NYSE
URI,869.57,55330868666.0,"United Rentals, Inc.",Rental & Leasing Services,NYSE
USB,57.69,89675066700.0,U.S. Bancorp,Banks - Regional,NYSE
V,314.08,605558669088.0,Visa Inc.,Financial - Credit Services,NYSE
VEEV,174.11,28620524774.0,Veeva Systems Inc.,Medical - Healthcare Information Services,NYSE
VLO,200.17,62183157595.0,Valero Energy Corporation,Oil & Gas Refining & Marketing,NYSE
VMC,327.65,43292691023.0,Vulcan Materials Company,Construction Materials,NYSE
VNO,29.89,5699017710.0,Vornado Realty Trust,REIT - Office,NYSE
VRSK,181.21,25255781330.0,"Verisk Analytics, Inc.",Consulting Services,NASDAQ
VRTX,491.47,126008319636.0,Vertex Pharmaceuticals Incorporated,Biotechnology,NASDAQ
VTR,85.24,40486016600.0,"Ventas, Inc.",REIT - Healthcare Facilities,NYSE
VTRS,15.77,18163410881.0,Viatris Inc.,Drug Manufacturers - Specialty & Generic,NASDAQ
VZ,49.01,206647234300.0,Verizon Communications Inc.,Telecommunications Services,NYSE
WAB,256.06,43775297047.0,Westinghouse Air Brake Technologies Corporation,Railroads,NYSE
WAT,323.37,19255939749.0,Waters Corporation,Medical - Diagnostics & Research,NYSE
WDAY,144.42,38560141300.0,"Workday, Inc.",Software - Application,NASDAQ
WDC,281.58,95466320040.0,Western Digital Corporation,Computer Hardware,NASDAQ
WEC,115.79,37665792260.0,"WEC Energy Group, Inc.",Regulated Electric,NYSE
WELL,210.72,146767953776.0,Welltower Inc.,REIT - Healthcare Facilities,NYSE
WFC,86.98,273037590511.0,Wells Fargo & Company,Banks - Diversified,NYSE
WM,234.52,94590307360.0,"Waste Management, Inc.",Waste Management,NYSE
WMB,72.28,88269781600.0,"The Williams Companies, Inc.",Oil & Gas Midstream,NYSE
WMT,133.89,1067485036457.0,Walmart Inc.,Specialty Retail,NASDAQ
WRB,69.7,26487476176.0,W. R. Berkley Corporation,Insurance - Property & Casualty,NYSE
WTW,287.74,27550705617.0,Willis Towers Watson Public Limited Company,Insurance - Brokers,NASDAQ
WYNN,113.39,11789666174.0,"Wynn Resorts, Limited","Gambling, Resorts & Casinos",NASDAQ
XEL,81.59,48263730079.0,Xcel Energy Inc.,Regulated Electric,NASDAQ
XOM,148.38,625742990775.0,Exxon Mobil Corporation,Oil & Gas Integrated,NYSE
XRAY,12.95,2584197999.0,DENTSPLY SIRONA Inc.,Medical - Instruments & Supplies,NASDAQ
XYL,128.09,31185944210.0,Xylem Inc.,Industrial - Machinery,NYSE
YUM,160.57,44582715234.0,"Yum! Brands, Inc.",Restaurants,NYSE
ZBRA,264.62,13405712180.0,Zebra Technologies Corporation,Communication Equipment,NASDAQ
ZION,61.26,9044487660.0,"Zions Bancorporation, National Association",Banks - Regional,NASDAQ
ZM,92.6,27714195384.0,"Zoom Communications, Inc.",Software - Application,NASDAQ
ZS,177.72,28341186120.0,"Zscaler, Inc.",Software - Infrastructure,NASDAQ
ZTS,126.65,55813795806.0,Zoetis Inc.,Drug Manufacturers - Specialty & Generic,NYSE
